cc_id,kr_material_id,ec_facet_id,ec_material_id,kr_matches_ec_material,ec_primary_texture_id,ec_layer_texture_ids,ec_layer_repetitions,notes
1,0,1,1,false,2000011,2000010|2000011|1000003,10.000000|4.000000|32.000000,different_material_route
2,0,2,0,true,2000000,2000000|2000001|1000003,8.000000|6.000000|32.000000,
3,1,3,193,false,2000103,2000103|2000103|1000003,6.000000|4.000000|32.000000,different_material_route
4,1,4,4,false,2000040,2000040|2000041|1000003,4.000000|4.000000|16.000000,different_material_route
5,1,5,5,false,2000051,1000013|2000051|1000017,16.000000|4.000000|1.000000,different_material_route
6,1,6,6,false,2000061,2000060|2000061|1000003,9.000000|6.000000|24.000000,different_material_route
9,20,9,20,true,2000200,2000200|2000201|1000003,5.000000|5.000000|16.000000,
10,20,10,10,false,2000100,1000012|2000100|2000100|2000101,12.000000|4.000000|6.000000|8.000000,different_material_route
11,20,11,11,false,2000110,2000110|2000111|1000003,4.000000|4.000000|16.000000,different_material_route
12,20,12,12,false,2000120,2000120|2000121|1000003,4.000000|4.000000|16.000000,different_material_route
13,20,13,13,false,2000131,2000130|2000131|1000003,12.000000|6.000000|16.000000,different_material_route
14,20,14,14,false,2000140,2000140|2000141|1000003,5.000000|5.000000|16.000000,different_material_route
15,20,15,15,false,2000151,2000151|2000151|1000003,5.000000|5.000000|16.000000,different_material_route
16,20,16,16,false,2000160,2000160|2000161|1000003,5.000000|5.000000|16.000000,different_material_route
17,20,17,17,false,2000170,2000170|2000171|1000003,5.000000|5.000000|16.000000,different_material_route
18,20,18,18,false,2000180,2000180|2000181|1000003,5.000000|5.000000|16.000000,different_material_route
19,20,19,19,false,2000190,2000190|2000191|1000003,5.000000|5.000000|16.000000,different_material_route
20,20,20,20,true,2000200,2000200|2000201|1000003,5.000000|5.000000|16.000000,
21,20,21,21,false,2000210,2000210|2000211|1000003,5.000000|5.000000|16.000000,different_material_route
22,7,22,2007,false,2000070,2000070|2000071|1000003,6.000000|6.000000|16.000000,different_material_route
23,7,23,23,false,2000220,2000220|2000221|1000003,4.000000|4.000000|16.000000,different_material_route
24,7,24,24,false,2000240,2000240|2000241|1000003,5.000000|5.000000|16.000000,different_material_route
25,7,25,2007,false,2000070,2000070|2000071|1000003,6.000000|6.000000|16.000000,different_material_route
26,54,26,2054,false,2000540,2000540|2000541|1000003,1.000000|1.000000|8.000000,different_material_route
27,56,27,56,true,2000560,2000560|2000561|1000003,1.000000|1.000000|8.000000,
28,55,28,55,true,2000550,2000550|2000551|1000003,2.000000|2.000000|8.000000,
29,55,29,29,false,2000290,2000290|2000291|1000003,4.000000|4.000000|16.000000,different_material_route
30,57,30,57,true,2000570,2000570|2000571|1000003,1.000000|1.000000|8.000000,
31,57,31,31,false,2000310,2000310|2000311|1000003,4.000000|4.000000|16.000000,different_material_route
32,55,32,32,false,2000320,2000320|2000321|1000003,4.000000|4.000000|16.000000,different_material_route
33,56,33,33,false,2000330,2000330|2000331|1000003,4.000000|4.000000|16.000000,different_material_route
34,54,34,34,false,2000340,2000340|2000341|1000003,4.000000|4.000000|16.000000,different_material_route
35,54,35,35,false,2000350,2000350|2000351|1000003,4.000000|4.000000|16.000000,different_material_route
36,56,36,36,false,2000360,2000360|2000361|1000003,4.000000|4.000000|16.000000,different_material_route
37,56,37,37,false,1299,1299|1300|1000003,2.500000|2.500000|16.000000,different_material_route
38,54,38,38,false,2000380,2000380|2000381|1000003,4.000000|4.000000|16.000000,different_material_route
39,54,39,39,false,2000390,2000390|2000391|1000003,4.000000|4.000000|16.000000,different_material_route
40,56,40,40,false,2000400,2000400|2000401|1000003,4.000000|4.000000|16.000000,different_material_route
41,56,41,41,false,2000410,2000410|2000411|1000003,2.000000|2.000000|16.000000,different_material_route
42,54,42,42,false,2000420,2000420|2000421|1000003,4.000000|4.000000|16.000000,different_material_route
43,54,43,43,false,2000430,2000430|2000431|1000003,4.000000|4.000000|16.000000,different_material_route
44,,44,44,,2000440,2000440|2000440|1000003,5.000000|5.000000|16.000000,
45,57,45,45,false,2000450,2000450|2000450|1000003,5.000000|5.000000|16.000000,different_material_route
46,55,46,46,false,2000580,2000580|2000581|1000003,5.000000|5.000000|16.000000,different_material_route
47,55,47,47,false,2000600,2000600|2000601|1000003,5.000000|5.000000|16.000000,different_material_route
48,55,48,48,false,2000480,2000480|2000481|1000003,5.000000|5.000000|16.000000,different_material_route
49,56,49,49,false,2000490,1000012|2000490|2000490,12.000000|8.000000|8.000000,different_material_route
50,54,50,50,false,2000500,2000500|2000501|1000003,5.000000|5.000000|16.000000,different_material_route
51,7,51,51,false,2000510,2000510|2000511|1000003,5.000000|5.000000|16.000000,different_material_route
52,7,52,52,false,2000520,2000520|2000520|1000003,5.000000|5.000000|16.000000,different_material_route
53,7,53,53,false,2000532,2000532|2000530|2000530|2000531,24.000000|0.500000|0.500000|24.000000,different_material_route
54,7,54,54,false,2000540,2000540|2000541|1000003,1.000000|1.000000|8.000000,different_material_route
55,7,55,55,false,2000550,2000550|2000551|1000003,2.000000|2.000000|8.000000,different_material_route
56,7,56,56,false,2000560,2000560|2000561|1000003,1.000000|1.000000|8.000000,different_material_route
57,7,57,57,false,2000570,2000570|2000571|1000003,1.000000|1.000000|8.000000,different_material_route
58,7,58,58,false,2000580,2000580|2000581|1000003,5.000000|5.000000|16.000000,different_material_route
59,7,59,59,false,2000590,2000590|2000591|1000003,5.000000|5.000000|16.000000,different_material_route
60,7,60,60,false,2000600,2000600|2000601|1000003,5.000000|5.000000|16.000000,different_material_route
61,7,61,61,false,2000610,2000610|2000611|1000003,5.000000|5.000000|16.000000,different_material_route
62,7,62,62,false,2000620,2000620|2000621|1000003,5.000000|5.000000|16.000000,different_material_route
68,56,68,68,false,2000680,2000680|2000681|1000003,5.000000|5.000000|16.000000,different_material_route
69,54,69,69,false,2000480,2000480|2000481|1000003,5.000000|5.000000|16.000000,different_material_route
70,54,70,70,false,2000700,2000703|2000700|2000702|2000704,16.000000|4.000000|2.500000|10.000000,different_material_route
72,55,72,72,false,2000720,2000720|2000721|1000003,5.000000|5.000000|32.000000,different_material_route
73,57,73,73,false,2000720,2000720|2000721|1000003|1267,4.000000|4.000000|16.000000|1.000000,different_material_route
74,57,74,74,false,2000720,2000720|2000721|1000003|1268,4.000000|4.000000|16.000000|1.000000,different_material_route
75,55,75,75,false,2000720,2000720|2000721|1000003|1268,4.000000|4.000000|16.000000|1.000000,different_material_route
76,52,76,52,true,2000520,2000520|2000520|1000003,5.000000|5.000000|16.000000,
77,52,77,77,false,2000720,2000720|2000721|1000003|1268,4.000000|4.000000|16.000000|1.000000,different_material_route
78,52,78,78,false,2000720,2000720|2000721|1000003|1269,4.000000|4.000000|16.000000|1.000000,different_material_route
79,52,79,79,false,2000720,2000720|2000721|1000003|1270,4.000000|4.000000|16.000000|1.000000,different_material_route
80,52,80,80,false,2000720,2000720|2000721|1000003|1271,4.000000|4.000000|16.000000|1.000000,different_material_route
81,52,81,81,false,2000720,2000720|2000721|1000003|1268,4.000000|4.000000|16.000000|1.000000,different_material_route
82,52,82,82,false,2000720,2000720|2000721|1000003|1268,4.000000|4.000000|16.000000|1.000000,different_material_route
83,52,83,83,false,2000720,2000720|2000721|1000003|1268,4.000000|4.000000|16.000000|1.000000,different_material_route
84,52,84,84,false,2000720,2000720|2000721|1000003|1268,4.000000|4.000000|16.000000|1.000000,different_material_route
85,52,85,85,false,2000720,2000720|2000721|1000003|1268,4.000000|4.000000|16.000000|1.000000,different_material_route
86,52,86,86,false,2000720,2000720|2000721|1000003|1268,4.000000|4.000000|16.000000|1.000000,different_material_route
87,52,87,87,false,2000720,2000720|2000721|1000003|1268,4.000000|4.000000|16.000000|1.000000,different_material_route
88,52,88,88,false,2000880,2000880|2000881|1000003,4.000000|4.000000|16.000000,different_material_route
89,52,89,89,false,2000880,2000880|2000881|1000003|1266,4.000000|4.000000|16.000000|1.000000,different_material_route
90,52,90,90,false,2000880,2000880|2000881|1000003,4.000000|4.000000|16.000000,different_material_route
91,52,91,91,false,2000880,2000880|2000881|1000003,4.000000|4.000000|16.000000,different_material_route
92,52,92,92,false,2000880,2000880|2000881|1000003,4.000000|4.000000|16.000000,different_material_route
93,52,93,93,false,2000880,2000880|2000881|1000003,4.000000|4.000000|16.000000,different_material_route
94,52,94,94,false,2000880,2000880|2000881|1000003,4.000000|4.000000|16.000000,different_material_route
95,52,95,95,false,2000880,2000880|2000881|1000003|1260,4.000000|4.000000|16.000000|1.000000,different_material_route
96,52,96,96,false,2000880,2000880|2000881|1000003|1261,4.000000|4.000000|16.000000|1.000000,different_material_route
97,52,97,97,false,2000880,2000880|2000881|1000003|1258,4.000000|4.000000|16.000000|1.000000,different_material_route
98,52,98,98,false,2000880,2000880|2000881|1000003|1260,4.000000|4.000000|16.000000|1.000000,different_material_route
99,52,99,99,false,2000880,2000880|2000881|1000003|1260,4.000000|4.000000|16.000000|1.000000,different_material_route
100,52,100,100,false,2000880,2000880|2000881|1000003|1260,4.000000|4.000000|16.000000|1.000000,different_material_route
101,52,101,101,false,2000880,2000880|2000881|1000003|1260,4.000000|4.000000|16.000000|1.000000,different_material_route
102,52,102,102,false,2000880,2000880|2000881|1000003,4.000000|4.000000|16.000000,different_material_route
104,52,,,,,,,
105,52,,,,,,,
106,52,,,,,,,
107,52,,,,,,,
108,52,,,,,,,
109,52,,,,,,,
110,52,,,,,,,
111,52,,,,,,,
113,155,113,155,true,2001540,2001540|2001541|1000003,4.000000|4.000000|16.000000,
114,155,114,114,false,2000110,2000110|2000111|1000003,4.000000|4.000000|16.000000,different_material_route
115,155,115,115,false,2000110,2000110|2000111|1000003,4.000000|4.000000|16.000000,different_material_route
116,155,116,116,false,2000110,2000110|2000111|1000003,4.000000|4.000000|16.000000,different_material_route
117,2,117,2,true,2000020,2000020|2000021|1000003,5.000000|5.000000|16.000000,
118,2,118,118,false,2000110,2000110|2000111|1000003,4.000000|4.000000|16.000000,different_material_route
119,2,119,2,true,2000020,2000020|2000021|1000003,5.000000|5.000000|16.000000,
120,2,120,120,false,2000120,2000120|2000121|1000003,4.000000|4.000000|16.000000,different_material_route
121,2,121,121,false,2000120,2000120|2000121|1000003,4.000000|4.000000|16.000000,different_material_route
122,2,122,122,false,2000120,2000120|2000121|1000003,4.000000|4.000000|16.000000,different_material_route
123,2,123,123,false,2000120,2000120|2000121|1000003,4.000000|4.000000|16.000000,different_material_route
124,2,124,124,false,2000120,2000120|2000121|1000003,4.000000|4.000000|16.000000,different_material_route
125,1,125,125,false,2000120,2000120|2000121|1000003,4.000000|4.000000|16.000000,different_material_route
126,1,126,126,false,2000120,2000120|2000121|1000003,4.000000|4.000000|16.000000,different_material_route
127,0,127,127,false,2000120,2000120|2000121|1000003,4.000000|4.000000|16.000000,different_material_route
129,0,,,,,,,
130,1,130,130,false,2000480,2000480|2000481|1000003|12904,5.000000|5.000000|16.000000|1.000000,different_material_route
131,1,131,131,false,2000480,2000480|2000481|1000003|12903,5.000000|5.000000|16.000000|1.000000,different_material_route
132,0,,,,,,,
133,2,133,133,false,2000480,2000480|2000481|1000003|12900,5.000000|5.000000|16.000000|1.000000,different_material_route
134,2,134,134,false,2000480,2000480|2000481|1000003|12898,5.000000|5.000000|16.000000|1.000000,different_material_route
135,2,135,135,false,2000480,2000480|2000481|1000003|12897,5.000000|5.000000|16.000000|1.000000,different_material_route
136,2,136,136,false,2000480,2000480|2000481|1000003|12902,5.000000|5.000000|16.000000|1.000000,different_material_route
137,2,137,137,false,2000480,2000480|2000481|1000003|12895,5.000000|5.000000|16.000000|1.000000,different_material_route
138,2,138,138,false,2000480,2000480|2000481|1000003|12894,5.000000|5.000000|16.000000|1.000000,different_material_route
139,2,139,139,false,2000480,2000480|2000481|1000003|12893,5.000000|5.000000|16.000000|1.000000,different_material_route
140,2,140,140,false,2000480,2000480|2000481|1000003|12892,5.000000|5.000000|16.000000|1.000000,different_material_route
141,58,141,58,true,2000580,2000580|2000581|1000003,5.000000|5.000000|16.000000,
142,58,142,142,false,2000480,2000480|2000481|1000003|12890,5.000000|5.000000|16.000000|1.000000,different_material_route
143,58,143,143,false,2000480,2000480|2000481|1000003|12889,5.000000|5.000000|16.000000|1.000000,different_material_route
144,58,144,144,false,2000480,2000480|2000481|1000003|12888,5.000000|5.000000|16.000000|1.000000,different_material_route
145,60,145,60,true,2000600,2000600|2000601|1000003,5.000000|5.000000|16.000000,
146,60,146,146,false,2001460,2001460|2001461|1000003,5.000000|5.000000|16.000000,different_material_route
147,60,147,147,false,2001470,2001470|2001471|1000003,5.000000|5.000000|16.000000,different_material_route
148,60,148,148,false,2001480,2001480|2001481|1000003,5.000000|5.000000|16.000000,different_material_route
149,59,149,59,true,2000590,2000590|2000591|1000003,5.000000|5.000000|16.000000,
150,58,150,150,false,2001500,2001500|2001501|1000003,5.000000|5.000000|16.000000,different_material_route
151,59,151,151,false,2001510,2001510|2001511|1000003,5.000000|5.000000|16.000000,different_material_route
152,59,152,152,false,2001520,2001520|2001521|1000003,5.000000|5.000000|16.000000,different_material_route
153,60,153,153,false,2001530,2001530|2001531|1000003,5.000000|5.000000|16.000000,different_material_route
154,60,154,154,false,2001550,2001550|2001550|1000003,6.000000|6.000000|16.000000,different_material_route
155,58,155,155,false,2001540,2001540|2001541|1000003,4.000000|4.000000|16.000000,different_material_route
156,60,156,156,false,2000310,2000310|2000310|1000003|2000310,4.000000|4.000000|16.000000|1.000000,different_material_route
157,60,157,157,false,2000300,2000300|2000300|1000003|2000300,4.000000|4.000000|16.000000|1.000000,different_material_route
158,58,158,158,false,2000310,2000310|2000310|1000003|2000310,4.000000|4.000000|16.000000|1.000000,different_material_route
159,58,159,159,false,2000300,2000300|2000300|1000003|2000300,4.000000|4.000000|16.000000|1.000000,different_material_route
160,58,160,160,false,2000330,2000330|2000331|1000003,5.000000|5.000000|16.000000,different_material_route
161,58,161,161,false,2000320,2000320|2000321|1000003,5.000000|5.000000|16.000000,different_material_route
162,60,162,162,false,2000330,2000330|2000331|1000003,5.000000|5.000000|16.000000,different_material_route
163,60,163,163,false,2000320,2000320|2000321|1000003,5.000000|5.000000|16.000000,different_material_route
164,58,164,164,false,2000390,2000390|2000390|1000003|2000390,4.000000|4.000000|16.000000|1.000000,different_material_route
165,60,165,165,false,2000390,2000390|2000390|1000003|2000390,4.000000|4.000000|16.000000|1.000000,different_material_route
166,60,166,166,false,2000380,2000380|2000380|1000003|2000380,4.000000|4.000000|16.000000|1.000000,different_material_route
167,58,167,167,false,2000380,2000380|2000380|1000003|2000380,4.000000|4.000000|16.000000|1.000000,different_material_route
168,5,168,5,true,2000051,1000013|2000051|1000017,16.000000|4.000000|1.000000,
169,5,169,169,false,2000490,1000012|2000490|2000490,12.000000|8.000000|8.000000,different_material_route
170,5,170,170,false,2001700,2001700|2001700|1000003,1.000000|1.000000|16.000000,different_material_route
171,5,171,171,false,2000131,2000130|2000131|1000003,12.000000|6.000000|16.000000,different_material_route
172,3,172,3,true,2000030,2000030|2000031|1000003,5.000000|5.000000|16.000000,
173,3,173,173,false,2000131,2000130|2000131|1000003,12.000000|6.000000|16.000000,different_material_route
174,3,174,174,false,2000131,2000130|2000131|1000003,12.000000|6.000000|16.000000,different_material_route
175,3,175,175,false,2000131,2000130|2000131|1000003,12.000000|6.000000|16.000000,different_material_route
176,3,176,176,false,2000131,2000130|2000131|1000003,12.000000|6.000000|16.000000,different_material_route
177,,177,177,,2000131,2000130|2000131|1000003,12.000000|6.000000|16.000000,
178,,178,178,,2000131,2000130|2000131|1000003,12.000000|6.000000|16.000000,
179,3,179,179,false,2000131,2000130|2000131|1000003,12.000000|6.000000|16.000000,different_material_route
180,3,,,,,,,
182,3,182,182,false,2000131,2000130|2000131|1000003,12.000000|6.000000|16.000000,different_material_route
183,3,,,,,,,
185,3,185,185,false,2000131,2000130|2000131|1000003,12.000000|6.000000|16.000000,different_material_route
188,3,188,188,false,2000131,2000130|2000131|1000003,12.000000|6.000000|16.000000,different_material_route
189,3,189,189,false,2000131,2000130|2000131|1000003,12.000000|6.000000|16.000000,different_material_route
190,3,190,190,false,2001900,2001900|1000006|1000003,5.000000|5.000000|16.000000,different_material_route
191,3,191,191,false,2000250,2000250|3000262|1000003,4.000000|4.000000|16.000000,different_material_route
192,1,192,192,false,2000271,2000271|2000272|1000003,4.000000|4.000000|16.000000,different_material_route
193,1,193,193,false,2000103,2000103|2000103|1000003,6.000000|4.000000|32.000000,different_material_route
194,1,194,194,false,2000103,2000103|2000104|1000003,6.000000|4.000000|32.000000,different_material_route
195,1,195,195,false,2000531,2000531|2000002|2000002|2000531,24.000000|1.000000|1.000000|24.000000,different_material_route
196,4,196,4,true,2000040,2000040|2000041|1000003,4.000000|4.000000|16.000000,
197,4,197,197,false,16109,16109|16109|1000003,6.000000|6.000000|32.000000,different_material_route
198,4,198,198,false,16110,16110|16110|1000003,6.000000|6.000000|32.000000,different_material_route
199,4,199,199,false,16111,16111|16111|1000003,6.000000|6.000000|32.000000,different_material_route
200,4,200,200,false,16113,16113|16113|1000003,6.000000|6.000000|32.000000,different_material_route
201,4,201,201,false,2000260,2000260|2000261|1000003,4.000000|4.000000|16.000000,different_material_route
202,4,202,202,false,2000882,2000882|2000883|1000003,6.000000|6.000000|16.000000,different_material_route
203,4,203,203,false,3000080,3000080|3000081|1000100,1.000000|1.000000|8.000000,different_material_route
204,4,204,204,false,3000080,3000080|3000081|1000100,1.000000|1.000000|8.000000,different_material_route
205,4,205,205,false,3000080,3000080|3000081|1000100,1.000000|1.000000|8.000000,different_material_route
206,4,206,206,false,3000080,3000080|3000081|1000100,1.000000|1.000000|8.000000,different_material_route
207,4,207,207,false,3000080,3000080|3000081|1000100,1.000000|1.000000|8.000000,different_material_route
208,4,208,208,false,3000080,3000080|3000081|1000100,1.000000|1.000000|8.000000,different_material_route
209,4,209,209,false,3000080,3000080|3000081|1000100,1.000000|1.000000|8.000000,different_material_route
210,4,210,210,false,3000080,3000080|3000081|1000100,1.000000|1.000000|8.000000,different_material_route
211,4,211,211,false,3000080,3000080|3000081|1000100,1.000000|1.000000|8.000000,different_material_route
212,4,212,,,,,,ec_facet_id_has_no_terrain_material
213,4,213,,,,,,ec_facet_id_has_no_terrain_material
214,4,214,,,,,,ec_facet_id_has_no_terrain_material
215,4,215,,,,,,ec_facet_id_has_no_terrain_material
216,1,216,,,,,,ec_facet_id_has_no_terrain_material
217,1,217,,,,,,ec_facet_id_has_no_terrain_material
218,1,218,,,,,,ec_facet_id_has_no_terrain_material
219,1,219,,,,,,ec_facet_id_has_no_terrain_material
220,2,220,,,,,,ec_facet_id_has_no_terrain_material
221,2,221,,,,,,ec_facet_id_has_no_terrain_material
222,2,222,,,,,,ec_facet_id_has_no_terrain_material
223,2,223,,,,,,ec_facet_id_has_no_terrain_material
224,2,224,,,,,,ec_facet_id_has_no_terrain_material
225,2,225,,,,,,ec_facet_id_has_no_terrain_material
226,2,226,,,,,,ec_facet_id_has_no_terrain_material
227,2,227,,,,,,ec_facet_id_has_no_terrain_material
228,6,228,,,,,,ec_facet_id_has_no_terrain_material
229,6,229,,,,,,ec_facet_id_has_no_terrain_material
230,6,230,,,,,,ec_facet_id_has_no_terrain_material
231,6,231,,,,,,ec_facet_id_has_no_terrain_material
232,2,232,,,,,,ec_facet_id_has_no_terrain_material
233,2,233,,,,,,ec_facet_id_has_no_terrain_material
234,2,234,,,,,,ec_facet_id_has_no_terrain_material
235,2,235,,,,,,ec_facet_id_has_no_terrain_material
236,4,236,,,,,,ec_facet_id_has_no_terrain_material
237,4,237,,,,,,ec_facet_id_has_no_terrain_material
238,4,238,,,,,,ec_facet_id_has_no_terrain_material
239,4,239,,,,,,ec_facet_id_has_no_terrain_material
240,4,240,,,,,,ec_facet_id_has_no_terrain_material
241,4,241,,,,,,ec_facet_id_has_no_terrain_material
242,4,242,,,,,,ec_facet_id_has_no_terrain_material
243,4,243,,,,,,ec_facet_id_has_no_terrain_material
244,6,244,,,,,,ec_facet_id_has_no_terrain_material
245,6,245,,,,,,ec_facet_id_has_no_terrain_material
246,6,246,,,,,,ec_facet_id_has_no_terrain_material
247,6,247,,,,,,ec_facet_id_has_no_terrain_material
248,4,248,,,,,,ec_facet_id_has_no_terrain_material
249,4,249,,,,,,ec_facet_id_has_no_terrain_material
250,4,250,,,,,,ec_facet_id_has_no_terrain_material
251,4,251,,,,,,ec_facet_id_has_no_terrain_material
252,3,252,,,,,,ec_facet_id_has_no_terrain_material
253,3,253,,,,,,ec_facet_id_has_no_terrain_material
254,3,254,,,,,,ec_facet_id_has_no_terrain_material
255,3,255,,,,,,ec_facet_id_has_no_terrain_material
256,3,256,,,,,,ec_facet_id_has_no_terrain_material
257,3,257,,,,,,ec_facet_id_has_no_terrain_material
258,3,258,,,,,,ec_facet_id_has_no_terrain_material
259,3,259,,,,,,ec_facet_id_has_no_terrain_material
260,6,260,,,,,,ec_facet_id_has_no_terrain_material
261,6,261,,,,,,ec_facet_id_has_no_terrain_material
262,6,262,,,,,,ec_facet_id_has_no_terrain_material
263,6,263,,,,,,ec_facet_id_has_no_terrain_material
264,3,264,,,,,,ec_facet_id_has_no_terrain_material
265,3,265,,,,,,ec_facet_id_has_no_terrain_material
266,3,266,,,,,,ec_facet_id_has_no_terrain_material
268,8,268,8,true,2000080,2000080|2000081|1000003|1000013|1000014,5.000000|5.000000|16.000000|12.000000|2.000000,
269,8,269,,,,,,ec_facet_id_has_no_terrain_material
270,8,270,,,,,,ec_facet_id_has_no_terrain_material
271,8,271,,,,,,ec_facet_id_has_no_terrain_material
272,6,272,,,,,,ec_facet_id_has_no_terrain_material
273,6,273,,,,,,ec_facet_id_has_no_terrain_material
274,6,274,,,,,,ec_facet_id_has_no_terrain_material
275,6,275,,,,,,ec_facet_id_has_no_terrain_material
276,8,276,,,,,,ec_facet_id_has_no_terrain_material
277,8,277,,,,,,ec_facet_id_has_no_terrain_material
278,8,278,,,,,,ec_facet_id_has_no_terrain_material
279,8,279,,,,,,ec_facet_id_has_no_terrain_material
282,8,282,8,true,2000080,2000080|2000081|1000003|1000013|1000014,5.000000|5.000000|16.000000|12.000000|2.000000,
283,8,283,,,,,,ec_facet_id_has_no_terrain_material
284,8,284,,,,,,ec_facet_id_has_no_terrain_material
285,8,285,,,,,,ec_facet_id_has_no_terrain_material
286,7,286,,,,,,ec_facet_id_has_no_terrain_material
287,7,287,,,,,,ec_facet_id_has_no_terrain_material
288,7,288,,,,,,ec_facet_id_has_no_terrain_material
289,7,289,,,,,,ec_facet_id_has_no_terrain_material
290,6,290,,,,,,ec_facet_id_has_no_terrain_material
291,6,291,,,,,,ec_facet_id_has_no_terrain_material
292,6,292,,,,,,ec_facet_id_has_no_terrain_material
293,6,293,,,,,,ec_facet_id_has_no_terrain_material
294,7,294,,,,,,ec_facet_id_has_no_terrain_material
295,7,295,,,,,,ec_facet_id_has_no_terrain_material
296,7,296,,,,,,ec_facet_id_has_no_terrain_material
297,7,297,,,,,,ec_facet_id_has_no_terrain_material
298,7,298,,,,,,ec_facet_id_has_no_terrain_material
299,7,299,,,,,,ec_facet_id_has_no_terrain_material
300,7,300,,,,,,ec_facet_id_has_no_terrain_material
301,7,301,,,,,,ec_facet_id_has_no_terrain_material
310,5,310,,,,,,ec_facet_id_has_no_terrain_material
311,5,311,,,,,,ec_facet_id_has_no_terrain_material
321,2,321,,,,,,ec_facet_id_has_no_terrain_material
322,2,322,,,,,,ec_facet_id_has_no_terrain_material
323,2,323,,,,,,ec_facet_id_has_no_terrain_material
324,2,324,,,,,,ec_facet_id_has_no_terrain_material
328,0,,,,,,,
329,0,,,,,,,
331,0,,,,,,,
332,2,332,,,,,,ec_facet_id_has_no_terrain_material
333,2,333,,,,,,ec_facet_id_has_no_terrain_material
334,2,334,,,,,,ec_facet_id_has_no_terrain_material
335,2,335,,,,,,ec_facet_id_has_no_terrain_material
336,21,336,21,true,2000210,2000210|2000211|1000003,5.000000|5.000000|16.000000,
337,21,337,,,,,,ec_facet_id_has_no_terrain_material
338,21,338,,,,,,ec_facet_id_has_no_terrain_material
339,21,339,,,,,,ec_facet_id_has_no_terrain_material
340,21,340,,,,,,ec_facet_id_has_no_terrain_material
341,21,341,,,,,,ec_facet_id_has_no_terrain_material
342,21,342,,,,,,ec_facet_id_has_no_terrain_material
343,21,343,,,,,,ec_facet_id_has_no_terrain_material
344,21,344,,,,,,ec_facet_id_has_no_terrain_material
345,21,345,,,,,,ec_facet_id_has_no_terrain_material
349,4,349,,,,,,ec_facet_id_has_no_terrain_material
350,4,350,,,,,,ec_facet_id_has_no_terrain_material
351,4,351,,,,,,ec_facet_id_has_no_terrain_material
352,4,352,,,,,,ec_facet_id_has_no_terrain_material
353,4,353,,,,,,ec_facet_id_has_no_terrain_material
354,4,354,,,,,,ec_facet_id_has_no_terrain_material
355,4,355,,,,,,ec_facet_id_has_no_terrain_material
356,4,356,,,,,,ec_facet_id_has_no_terrain_material
357,4,357,,,,,,ec_facet_id_has_no_terrain_material
358,4,358,,,,,,ec_facet_id_has_no_terrain_material
359,4,359,,,,,,ec_facet_id_has_no_terrain_material
360,4,360,,,,,,ec_facet_id_has_no_terrain_material
361,2,361,,,,,,ec_facet_id_has_no_terrain_material
362,2,362,,,,,,ec_facet_id_has_no_terrain_material
363,2,363,,,,,,ec_facet_id_has_no_terrain_material
364,2,364,,,,,,ec_facet_id_has_no_terrain_material
365,2,365,,,,,,ec_facet_id_has_no_terrain_material
366,2,366,,,,,,ec_facet_id_has_no_terrain_material
367,2,367,,,,,,ec_facet_id_has_no_terrain_material
368,2,368,,,,,,ec_facet_id_has_no_terrain_material
369,2,369,,,,,,ec_facet_id_has_no_terrain_material
370,2,370,,,,,,ec_facet_id_has_no_terrain_material
371,2,371,,,,,,ec_facet_id_has_no_terrain_material
372,2,372,,,,,,ec_facet_id_has_no_terrain_material
377,62,377,62,true,2000620,2000620|2000621|1000003,5.000000|5.000000|16.000000,
378,61,378,61,true,2000610,2000610|2000611|1000003,5.000000|5.000000|16.000000,
379,63,379,63,true,2000630,2000630|2000631|1000003,5.000000|5.000000|16.000000,
380,62,380,62,true,2000620,2000620|2000621|1000003,5.000000|5.000000|16.000000,
381,64,381,64,true,2000640,2000640|2000641|1000003,5.000000|5.000000|16.000000,
382,64,382,,,,,,ec_facet_id_has_no_terrain_material
383,62,383,,,,,,ec_facet_id_has_no_terrain_material
384,63,384,63,true,2000630,2000630|2000631|1000003,5.000000|5.000000|16.000000,
385,61,385,61,true,2000610,2000610|2000611|1000003,5.000000|5.000000|16.000000,
386,61,386,,,,,,ec_facet_id_has_no_terrain_material
387,63,387,,,,,,ec_facet_id_has_no_terrain_material
388,63,388,,,,,,ec_facet_id_has_no_terrain_material
389,61,389,,,,,,ec_facet_id_has_no_terrain_material
390,61,390,,,,,,ec_facet_id_has_no_terrain_material
391,63,,,,,,,
392,63,392,,,,,,ec_facet_id_has_no_terrain_material
393,61,393,,,,,,ec_facet_id_has_no_terrain_material
394,61,394,,,,,,ec_facet_id_has_no_terrain_material
420,1,420,,,,,,ec_facet_id_has_no_terrain_material
421,1,421,,,,,,ec_facet_id_has_no_terrain_material
423,1,423,,,,,,ec_facet_id_has_no_terrain_material
424,7,424,,,,,,ec_facet_id_has_no_terrain_material
425,7,425,,,,,,ec_facet_id_has_no_terrain_material
426,7,426,,,,,,ec_facet_id_has_no_terrain_material
427,7,427,,,,,,ec_facet_id_has_no_terrain_material
430,170,430,170,true,2001700,2001700|2001700|1000003,1.000000|1.000000|16.000000,
431,0,431,2006,false,2000061,2000060|2000061|1000003,9.000000|6.000000|24.000000,different_material_route
432,0,432,2006,false,2000061,2000060|2000061|1000003,9.000000|6.000000|24.000000,different_material_route
433,,433,1,,2000011,2000010|2000011|1000003,10.000000|4.000000|32.000000,
441,54,441,,,,,,ec_facet_id_has_no_terrain_material
442,56,442,,,,,,ec_facet_id_has_no_terrain_material
443,55,443,,,,,,ec_facet_id_has_no_terrain_material
444,55,444,,,,,,ec_facet_id_has_no_terrain_material
445,57,445,,,,,,ec_facet_id_has_no_terrain_material
446,57,446,,,,,,ec_facet_id_has_no_terrain_material
447,55,447,,,,,,ec_facet_id_has_no_terrain_material
448,56,448,,,,,,ec_facet_id_has_no_terrain_material
450,54,450,,,,,,ec_facet_id_has_no_terrain_material
451,56,451,,,,,,ec_facet_id_has_no_terrain_material
452,56,452,,,,,,ec_facet_id_has_no_terrain_material
453,54,453,,,,,,ec_facet_id_has_no_terrain_material
454,54,454,,,,,,ec_facet_id_has_no_terrain_material
456,56,456,,,,,,ec_facet_id_has_no_terrain_material
457,54,457,,,,,,ec_facet_id_has_no_terrain_material
458,54,458,,,,,,ec_facet_id_has_no_terrain_material
460,57,460,,,,,,ec_facet_id_has_no_terrain_material
461,55,461,,,,,,ec_facet_id_has_no_terrain_material
462,55,462,,,,,,ec_facet_id_has_no_terrain_material
463,55,463,,,,,,ec_facet_id_has_no_terrain_material
465,54,465,,,,,,ec_facet_id_has_no_terrain_material
467,154,467,,,,,,ec_facet_id_has_no_terrain_material
468,154,468,,,,,,ec_facet_id_has_no_terrain_material
469,154,469,,,,,,ec_facet_id_has_no_terrain_material
470,154,470,,,,,,ec_facet_id_has_no_terrain_material
471,154,471,,,,,,ec_facet_id_has_no_terrain_material
472,154,472,,,,,,ec_facet_id_has_no_terrain_material
473,154,473,,,,,,ec_facet_id_has_no_terrain_material
474,154,474,,,,,,ec_facet_id_has_no_terrain_material
475,154,475,154,true,2001550,2001550|2001550|1000003,6.000000|6.000000|16.000000,
476,2,476,,,,,,ec_facet_id_has_no_terrain_material
477,2,477,,,,,,ec_facet_id_has_no_terrain_material
478,2,478,,,,,,ec_facet_id_has_no_terrain_material
479,2,479,,,,,,ec_facet_id_has_no_terrain_material
480,2,480,,,,,,ec_facet_id_has_no_terrain_material
481,2,481,,,,,,ec_facet_id_has_no_terrain_material
482,2,482,,,,,,ec_facet_id_has_no_terrain_material
483,2,483,,,,,,ec_facet_id_has_no_terrain_material
484,2,484,,,,,,ec_facet_id_has_no_terrain_material
485,2,485,,,,,,ec_facet_id_has_no_terrain_material
486,2,486,,,,,,ec_facet_id_has_no_terrain_material
487,2,487,,,,,,ec_facet_id_has_no_terrain_material
492,2,492,,,,,,ec_facet_id_has_no_terrain_material
493,2,493,,,,,,ec_facet_id_has_no_terrain_material
494,2,494,,,,,,ec_facet_id_has_no_terrain_material
495,2,495,,,,,,ec_facet_id_has_no_terrain_material
496,3,496,,,,,,ec_facet_id_has_no_terrain_material
497,3,497,,,,,,ec_facet_id_has_no_terrain_material
500,10,500,10,true,2000100,1000012|2000100|2000100|2000101,12.000000|4.000000|6.000000|8.000000,
501,10,501,,,,,,ec_facet_id_has_no_terrain_material
502,10,502,,,,,,ec_facet_id_has_no_terrain_material
503,10,503,,,,,,ec_facet_id_has_no_terrain_material
506,53,506,53,true,2000532,2000532|2000530|2000530|2000531,24.000000|0.500000|0.500000|24.000000,
507,53,507,,,,,,ec_facet_id_has_no_terrain_material
508,53,508,,,,,,ec_facet_id_has_no_terrain_material
509,53,509,,,,,,ec_facet_id_has_no_terrain_material
510,53,510,,,,,,ec_facet_id_has_no_terrain_material
511,53,511,,,,,,ec_facet_id_has_no_terrain_material
513,24,513,24,true,2000240,2000240|2000241|1000003,5.000000|5.000000|16.000000,
514,24,514,,,,,,ec_facet_id_has_no_terrain_material
515,24,515,,,,,,ec_facet_id_has_no_terrain_material
516,24,516,,,,,,ec_facet_id_has_no_terrain_material
543,146,543,146,true,2001460,2001460|2001461|1000003,5.000000|5.000000|16.000000,
544,146,544,,,,,,ec_facet_id_has_no_terrain_material
545,146,545,,,,,,ec_facet_id_has_no_terrain_material
546,146,546,,,,,,ec_facet_id_has_no_terrain_material
547,146,547,,,,,,ec_facet_id_has_no_terrain_material
548,146,548,,,,,,ec_facet_id_has_no_terrain_material
549,146,549,,,,,,ec_facet_id_has_no_terrain_material
550,146,550,,,,,,ec_facet_id_has_no_terrain_material
551,146,551,,,,,,ec_facet_id_has_no_terrain_material
552,146,552,,,,,,ec_facet_id_has_no_terrain_material
553,146,553,,,,,,ec_facet_id_has_no_terrain_material
554,146,554,,,,,,ec_facet_id_has_no_terrain_material
555,146,555,,,,,,ec_facet_id_has_no_terrain_material
556,146,556,2006,false,2000061,2000060|2000061|1000003,9.000000|6.000000|24.000000,different_material_route
557,146,557,,,,,,ec_facet_id_has_no_terrain_material
558,146,558,,,,,,ec_facet_id_has_no_terrain_material
559,146,559,,,,,,ec_facet_id_has_no_terrain_material
560,146,560,,,,,,ec_facet_id_has_no_terrain_material
561,1,561,193,false,2000103,2000103|2000103|1000003,6.000000|4.000000|32.000000,different_material_route
562,1,562,,,,,,ec_facet_id_has_no_terrain_material
563,1,563,,,,,,ec_facet_id_has_no_terrain_material
564,1,564,,,,,,ec_facet_id_has_no_terrain_material
565,6,565,,,,,,ec_facet_id_has_no_terrain_material
566,6,566,,,,,,ec_facet_id_has_no_terrain_material
567,6,567,,,,,,ec_facet_id_has_no_terrain_material
568,6,568,,,,,,ec_facet_id_has_no_terrain_material
569,1,569,,,,,,ec_facet_id_has_no_terrain_material
570,1,570,,,,,,ec_facet_id_has_no_terrain_material
571,1,571,,,,,,ec_facet_id_has_no_terrain_material
572,1,572,,,,,,ec_facet_id_has_no_terrain_material
573,1,573,,,,,,ec_facet_id_has_no_terrain_material
574,1,574,,,,,,ec_facet_id_has_no_terrain_material
575,1,575,,,,,,ec_facet_id_has_no_terrain_material
576,1,576,,,,,,ec_facet_id_has_no_terrain_material
577,1,577,,,,,,ec_facet_id_has_no_terrain_material
578,1,578,,,,,,ec_facet_id_has_no_terrain_material
579,1,579,,,,,,ec_facet_id_has_no_terrain_material
580,170,580,170,true,2001700,2001700|2001700|1000003,1.000000|1.000000|16.000000,
581,13,581,13,true,2000131,2000130|2000131|1000003,12.000000|6.000000|16.000000,
582,13,582,,,,,,ec_facet_id_has_no_terrain_material
583,13,583,,,,,,ec_facet_id_has_no_terrain_material
584,13,584,,,,,,ec_facet_id_has_no_terrain_material
585,13,585,,,,,,ec_facet_id_has_no_terrain_material
586,171,586,171,true,2000131,2000130|2000131|1000003,12.000000|6.000000|16.000000,
587,172,587,,,,,,ec_facet_id_has_no_terrain_material
588,173,588,,,,,,ec_facet_id_has_no_terrain_material
589,174,589,,,,,,ec_facet_id_has_no_terrain_material
590,175,590,,,,,,ec_facet_id_has_no_terrain_material
591,176,591,,,,,,ec_facet_id_has_no_terrain_material
592,177,592,,,,,,ec_facet_id_has_no_terrain_material
593,178,593,,,,,,ec_facet_id_has_no_terrain_material
594,179,594,,,,,,ec_facet_id_has_no_terrain_material
595,180,595,,,,,,ec_facet_id_has_no_terrain_material
596,181,596,,,,,,ec_facet_id_has_no_terrain_material
597,182,597,,,,,,ec_facet_id_has_no_terrain_material
598,183,598,,,,,,ec_facet_id_has_no_terrain_material
599,188,599,,,,,,ec_facet_id_has_no_terrain_material
600,13,600,,,,,,ec_facet_id_has_no_terrain_material
601,189,601,,,,,,ec_facet_id_has_no_terrain_material
602,16,602,16,true,2000160,2000160|2000161|1000003,5.000000|5.000000|16.000000,
603,16,603,,,,,,ec_facet_id_has_no_terrain_material
604,15,604,15,true,2000151,2000151|2000151|1000003,5.000000|5.000000|16.000000,
605,16,605,,,,,,ec_facet_id_has_no_terrain_material
606,16,606,,,,,,ec_facet_id_has_no_terrain_material
607,16,607,,,,,,ec_facet_id_has_no_terrain_material
608,16,608,,,,,,ec_facet_id_has_no_terrain_material
609,16,609,,,,,,ec_facet_id_has_no_terrain_material
610,184,610,,,,,,ec_facet_id_has_no_terrain_material
611,185,611,,,,,,ec_facet_id_has_no_terrain_material
612,186,612,,,,,,ec_facet_id_has_no_terrain_material
613,187,613,,,,,,ec_facet_id_has_no_terrain_material
614,14,614,14,true,2000140,2000140|2000141|1000003,5.000000|5.000000|16.000000,
615,14,615,,,,,,ec_facet_id_has_no_terrain_material
616,15,616,,,,,,ec_facet_id_has_no_terrain_material
617,14,617,,,,,,ec_facet_id_has_no_terrain_material
618,14,618,,,,,,ec_facet_id_has_no_terrain_material
619,16,619,,,,,,ec_facet_id_has_no_terrain_material
620,16,620,,,,,,ec_facet_id_has_no_terrain_material
621,16,621,,,,,,ec_facet_id_has_no_terrain_material
622,3,622,,,,,,ec_facet_id_has_no_terrain_material
623,3,623,,,,,,ec_facet_id_has_no_terrain_material
624,3,624,,,,,,ec_facet_id_has_no_terrain_material
625,3,625,,,,,,ec_facet_id_has_no_terrain_material
626,2,626,,,,,,ec_facet_id_has_no_terrain_material
627,2,627,,,,,,ec_facet_id_has_no_terrain_material
628,2,628,,,,,,ec_facet_id_has_no_terrain_material
629,2,629,,,,,,ec_facet_id_has_no_terrain_material
630,3,630,,,,,,ec_facet_id_has_no_terrain_material
631,3,631,,,,,,ec_facet_id_has_no_terrain_material
632,3,632,,,,,,ec_facet_id_has_no_terrain_material
633,3,633,,,,,,ec_facet_id_has_no_terrain_material
634,3,634,,,,,,ec_facet_id_has_no_terrain_material
635,3,635,,,,,,ec_facet_id_has_no_terrain_material
636,3,636,,,,,,ec_facet_id_has_no_terrain_material
637,3,637,,,,,,ec_facet_id_has_no_terrain_material
638,2,638,,,,,,ec_facet_id_has_no_terrain_material
639,2,639,,,,,,ec_facet_id_has_no_terrain_material
640,2,640,,,,,,ec_facet_id_has_no_terrain_material
641,2,641,,,,,,ec_facet_id_has_no_terrain_material
642,7,642,,,,,,ec_facet_id_has_no_terrain_material
643,,643,,,,,,ec_facet_id_has_no_terrain_material
644,7,644,,,,,,ec_facet_id_has_no_terrain_material
645,7,645,,,,,,ec_facet_id_has_no_terrain_material
646,3,646,,,,,,ec_facet_id_has_no_terrain_material
647,,647,,,,,,ec_facet_id_has_no_terrain_material
648,,648,,,,,,ec_facet_id_has_no_terrain_material
649,,649,,,,,,ec_facet_id_has_no_terrain_material
650,7,650,,,,,,ec_facet_id_has_no_terrain_material
651,7,651,,,,,,ec_facet_id_has_no_terrain_material
652,,652,,,,,,ec_facet_id_has_no_terrain_material
653,7,653,,,,,,ec_facet_id_has_no_terrain_material
662,19,662,19,true,2000190,2000190|2000191|1000003,5.000000|5.000000|16.000000,
663,68,663,68,true,2000680,2000680|2000681|1000003,5.000000|5.000000|16.000000,
664,19,664,,,,,,ec_facet_id_has_no_terrain_material
665,19,665,,,,,,ec_facet_id_has_no_terrain_material
666,19,666,,,,,,ec_facet_id_has_no_terrain_material
667,19,667,,,,,,ec_facet_id_has_no_terrain_material
668,19,668,,,,,,ec_facet_id_has_no_terrain_material
669,19,669,,,,,,ec_facet_id_has_no_terrain_material
670,19,670,,,,,,ec_facet_id_has_no_terrain_material
671,19,671,,,,,,ec_facet_id_has_no_terrain_material
672,19,672,,,,,,ec_facet_id_has_no_terrain_material
673,19,673,,,,,,ec_facet_id_has_no_terrain_material
674,19,674,,,,,,ec_facet_id_has_no_terrain_material
675,19,675,,,,,,ec_facet_id_has_no_terrain_material
676,19,676,,,,,,ec_facet_id_has_no_terrain_material
677,19,677,,,,,,ec_facet_id_has_no_terrain_material
678,19,678,,,,,,ec_facet_id_has_no_terrain_material
679,19,679,,,,,,ec_facet_id_has_no_terrain_material
680,68,680,,,,,,ec_facet_id_has_no_terrain_material
681,68,681,,,,,,ec_facet_id_has_no_terrain_material
682,68,682,,,,,,ec_facet_id_has_no_terrain_material
683,68,683,,,,,,ec_facet_id_has_no_terrain_material
684,68,684,,,,,,ec_facet_id_has_no_terrain_material
685,68,685,,,,,,ec_facet_id_has_no_terrain_material
686,68,686,,,,,,ec_facet_id_has_no_terrain_material
687,68,687,,,,,,ec_facet_id_has_no_terrain_material
688,68,688,,,,,,ec_facet_id_has_no_terrain_material
689,68,689,,,,,,ec_facet_id_has_no_terrain_material
690,68,690,,,,,,ec_facet_id_has_no_terrain_material
691,68,691,,,,,,ec_facet_id_has_no_terrain_material
692,68,692,,,,,,ec_facet_id_has_no_terrain_material
693,68,693,,,,,,ec_facet_id_has_no_terrain_material
694,68,694,,,,,,ec_facet_id_has_no_terrain_material
695,68,695,,,,,,ec_facet_id_has_no_terrain_material
696,68,696,,,,,,ec_facet_id_has_no_terrain_material
697,68,697,,,,,,ec_facet_id_has_no_terrain_material
698,68,698,,,,,,ec_facet_id_has_no_terrain_material
699,19,699,,,,,,ec_facet_id_has_no_terrain_material
700,14,700,14,true,2000140,2000140|2000141|1000003,5.000000|5.000000|16.000000,
701,14,701,,,,,,ec_facet_id_has_no_terrain_material
702,15,702,15,true,2000151,2000151|2000151|1000003,5.000000|5.000000|16.000000,
704,16,704,16,true,2000160,2000160|2000161|1000003,5.000000|5.000000|16.000000,
705,16,705,,,,,,ec_facet_id_has_no_terrain_material
708,14,708,,,,,,ec_facet_id_has_no_terrain_material
709,14,709,,,,,,ec_facet_id_has_no_terrain_material
711,14,711,,,,,,ec_facet_id_has_no_terrain_material
712,16,712,,,,,,ec_facet_id_has_no_terrain_material
714,16,714,,,,,,ec_facet_id_has_no_terrain_material
715,16,715,,,,,,ec_facet_id_has_no_terrain_material
720,56,720,,,,,,ec_facet_id_has_no_terrain_material
722,54,722,,,,,,ec_facet_id_has_no_terrain_material
724,56,724,,,,,,ec_facet_id_has_no_terrain_material
726,54,726,,,,,,ec_facet_id_has_no_terrain_material
741,58,741,,,,,,ec_facet_id_has_no_terrain_material
742,58,742,,,,,,ec_facet_id_has_no_terrain_material
743,58,743,,,,,,ec_facet_id_has_no_terrain_material
744,58,744,,,,,,ec_facet_id_has_no_terrain_material
745,60,745,,,,,,ec_facet_id_has_no_terrain_material
746,60,746,,,,,,ec_facet_id_has_no_terrain_material
747,60,747,,,,,,ec_facet_id_has_no_terrain_material
748,60,748,,,,,,ec_facet_id_has_no_terrain_material
749,59,749,,,,,,ec_facet_id_has_no_terrain_material
750,58,750,,,,,,ec_facet_id_has_no_terrain_material
751,59,751,,,,,,ec_facet_id_has_no_terrain_material
752,59,752,,,,,,ec_facet_id_has_no_terrain_material
753,60,753,,,,,,ec_facet_id_has_no_terrain_material
754,60,754,,,,,,ec_facet_id_has_no_terrain_material
755,58,755,,,,,,ec_facet_id_has_no_terrain_material
756,60,756,,,,,,ec_facet_id_has_no_terrain_material
757,60,757,,,,,,ec_facet_id_has_no_terrain_material
758,58,758,,,,,,ec_facet_id_has_no_terrain_material
759,58,759,,,,,,ec_facet_id_has_no_terrain_material
760,58,760,,,,,,ec_facet_id_has_no_terrain_material
761,58,761,,,,,,ec_facet_id_has_no_terrain_material
762,60,762,,,,,,ec_facet_id_has_no_terrain_material
763,60,763,,,,,,ec_facet_id_has_no_terrain_material
764,58,764,,,,,,ec_facet_id_has_no_terrain_material
765,60,765,,,,,,ec_facet_id_has_no_terrain_material
766,60,766,,,,,,ec_facet_id_has_no_terrain_material
767,58,767,,,,,,ec_facet_id_has_no_terrain_material
771,58,771,,,,,,ec_facet_id_has_no_terrain_material
772,60,772,,,,,,ec_facet_id_has_no_terrain_material
773,59,773,,,,,,ec_facet_id_has_no_terrain_material
777,64,777,,,,,,ec_facet_id_has_no_terrain_material
778,63,778,,,,,,ec_facet_id_has_no_terrain_material
779,63,779,,,,,,ec_facet_id_has_no_terrain_material
786,63,786,,,,,,ec_facet_id_has_no_terrain_material
821,7,821,,,,,,ec_facet_id_has_no_terrain_material
822,7,822,,,,,,ec_facet_id_has_no_terrain_material
823,7,823,,,,,,ec_facet_id_has_no_terrain_material
824,7,824,,,,,,ec_facet_id_has_no_terrain_material
825,7,825,,,,,,ec_facet_id_has_no_terrain_material
826,7,826,,,,,,ec_facet_id_has_no_terrain_material
827,7,827,,,,,,ec_facet_id_has_no_terrain_material
828,7,828,,,,,,ec_facet_id_has_no_terrain_material
829,2,829,,,,,,ec_facet_id_has_no_terrain_material
830,2,830,,,,,,ec_facet_id_has_no_terrain_material
831,2,831,,,,,,ec_facet_id_has_no_terrain_material
832,2,832,,,,,,ec_facet_id_has_no_terrain_material
834,7,834,,,,,,ec_facet_id_has_no_terrain_material
835,7,835,,,,,,ec_facet_id_has_no_terrain_material
836,7,836,,,,,,ec_facet_id_has_no_terrain_material
837,2,837,,,,,,ec_facet_id_has_no_terrain_material
838,2,838,,,,,,ec_facet_id_has_no_terrain_material
839,2,839,,,,,,ec_facet_id_has_no_terrain_material
840,2,840,,,,,,ec_facet_id_has_no_terrain_material
841,2,841,,,,,,ec_facet_id_has_no_terrain_material
843,2,843,,,,,,ec_facet_id_has_no_terrain_material
844,2,844,,,,,,ec_facet_id_has_no_terrain_material
845,7,845,,,,,,ec_facet_id_has_no_terrain_material
847,,847,,,,,,ec_facet_id_has_no_terrain_material
848,7,848,,,,,,ec_facet_id_has_no_terrain_material
849,7,849,,,,,,ec_facet_id_has_no_terrain_material
850,7,850,,,,,,ec_facet_id_has_no_terrain_material
851,7,851,,,,,,ec_facet_id_has_no_terrain_material
852,7,852,,,,,,ec_facet_id_has_no_terrain_material
854,2,854,,,,,,ec_facet_id_has_no_terrain_material
855,2,855,,,,,,ec_facet_id_has_no_terrain_material
856,2,856,,,,,,ec_facet_id_has_no_terrain_material
857,7,857,,,,,,ec_facet_id_has_no_terrain_material
858,7,858,,,,,,ec_facet_id_has_no_terrain_material
859,7,859,,,,,,ec_facet_id_has_no_terrain_material
860,7,860,,,,,,ec_facet_id_has_no_terrain_material
871,2,871,,,,,,ec_facet_id_has_no_terrain_material
872,2,872,,,,,,ec_facet_id_has_no_terrain_material
873,2,873,,,,,,ec_facet_id_has_no_terrain_material
874,2,874,,,,,,ec_facet_id_has_no_terrain_material
875,2,875,,,,,,ec_facet_id_has_no_terrain_material
876,2,876,,,,,,ec_facet_id_has_no_terrain_material
877,2,877,,,,,,ec_facet_id_has_no_terrain_material
878,2,878,,,,,,ec_facet_id_has_no_terrain_material
879,1,879,,,,,,ec_facet_id_has_no_terrain_material
880,1,880,,,,,,ec_facet_id_has_no_terrain_material
881,1,881,,,,,,ec_facet_id_has_no_terrain_material
882,1,882,,,,,,ec_facet_id_has_no_terrain_material
883,1,883,,,,,,ec_facet_id_has_no_terrain_material
884,1,884,,,,,,ec_facet_id_has_no_terrain_material
885,1,885,,,,,,ec_facet_id_has_no_terrain_material
886,1,886,,,,,,ec_facet_id_has_no_terrain_material
887,2,887,,,,,,ec_facet_id_has_no_terrain_material
888,2,888,,,,,,ec_facet_id_has_no_terrain_material
889,2,889,,,,,,ec_facet_id_has_no_terrain_material
890,2,890,,,,,,ec_facet_id_has_no_terrain_material
891,1,891,,,,,,ec_facet_id_has_no_terrain_material
892,1,892,,,,,,ec_facet_id_has_no_terrain_material
893,1,893,,,,,,ec_facet_id_has_no_terrain_material
894,1,894,,,,,,ec_facet_id_has_no_terrain_material
901,8,901,,,,,,ec_facet_id_has_no_terrain_material
902,8,902,,,,,,ec_facet_id_has_no_terrain_material
903,8,903,,,,,,ec_facet_id_has_no_terrain_material
904,8,904,,,,,,ec_facet_id_has_no_terrain_material
905,8,905,,,,,,ec_facet_id_has_no_terrain_material
906,8,906,,,,,,ec_facet_id_has_no_terrain_material
907,8,907,,,,,,ec_facet_id_has_no_terrain_material
908,8,908,,,,,,ec_facet_id_has_no_terrain_material
909,2,909,,,,,,ec_facet_id_has_no_terrain_material
910,2,910,,,,,,ec_facet_id_has_no_terrain_material
911,2,911,,,,,,ec_facet_id_has_no_terrain_material
912,2,912,,,,,,ec_facet_id_has_no_terrain_material
913,8,913,,,,,,ec_facet_id_has_no_terrain_material
914,8,914,,,,,,ec_facet_id_has_no_terrain_material
916,8,916,,,,,,ec_facet_id_has_no_terrain_material
918,2,918,,,,,,ec_facet_id_has_no_terrain_material
919,2,919,,,,,,ec_facet_id_has_no_terrain_material
920,2,920,,,,,,ec_facet_id_has_no_terrain_material
921,2,921,,,,,,ec_facet_id_has_no_terrain_material
922,2,922,,,,,,ec_facet_id_has_no_terrain_material
923,2,923,,,,,,ec_facet_id_has_no_terrain_material
924,2,924,,,,,,ec_facet_id_has_no_terrain_material
929,8,929,,,,,,ec_facet_id_has_no_terrain_material
930,8,930,,,,,,ec_facet_id_has_no_terrain_material
931,8,931,,,,,,ec_facet_id_has_no_terrain_material
933,2,933,,,,,,ec_facet_id_has_no_terrain_material
934,2,934,,,,,,ec_facet_id_has_no_terrain_material
935,2,935,,,,,,ec_facet_id_has_no_terrain_material
936,2,936,,,,,,ec_facet_id_has_no_terrain_material
937,8,937,,,,,,ec_facet_id_has_no_terrain_material
938,8,938,,,,,,ec_facet_id_has_no_terrain_material
939,8,939,,,,,,ec_facet_id_has_no_terrain_material
940,8,940,,,,,,ec_facet_id_has_no_terrain_material
953,7,953,,,,,,ec_facet_id_has_no_terrain_material
955,7,955,,,,,,ec_facet_id_has_no_terrain_material
956,7,956,,,,,,ec_facet_id_has_no_terrain_material
957,7,957,,,,,,ec_facet_id_has_no_terrain_material
958,7,958,,,,,,ec_facet_id_has_no_terrain_material
960,1,960,,,,,,ec_facet_id_has_no_terrain_material
961,1,961,,,,,,ec_facet_id_has_no_terrain_material
963,1,963,,,,,,ec_facet_id_has_no_terrain_material
964,1,964,,,,,,ec_facet_id_has_no_terrain_material
965,1,965,,,,,,ec_facet_id_has_no_terrain_material
966,1,966,,,,,,ec_facet_id_has_no_terrain_material
967,7,967,,,,,,ec_facet_id_has_no_terrain_material
968,7,968,,,,,,ec_facet_id_has_no_terrain_material
969,7,969,,,,,,ec_facet_id_has_no_terrain_material
970,7,970,,,,,,ec_facet_id_has_no_terrain_material
971,1,971,,,,,,ec_facet_id_has_no_terrain_material
972,1,972,,,,,,ec_facet_id_has_no_terrain_material
973,1,973,,,,,,ec_facet_id_has_no_terrain_material
974,1,974,,,,,,ec_facet_id_has_no_terrain_material
1001,9,1001,9,true,2000090,2000090|2000091|1000004,8.000000|8.000000|48.000000,
1002,9,1002,,,,,,ec_facet_id_has_no_terrain_material
1003,9,1003,,,,,,ec_facet_id_has_no_terrain_material
1004,9,1004,,,,,,ec_facet_id_has_no_terrain_material
1006,0,1006,,,,,,ec_facet_id_has_no_terrain_material
1007,0,1007,,,,,,ec_facet_id_has_no_terrain_material
1008,0,1008,,,,,,ec_facet_id_has_no_terrain_material
1010,0,1010,,,,,,ec_facet_id_has_no_terrain_material
1011,0,1011,,,,,,ec_facet_id_has_no_terrain_material
1012,0,1012,,,,,,ec_facet_id_has_no_terrain_material
1014,2,1014,,,,,,ec_facet_id_has_no_terrain_material
1015,2,1015,,,,,,ec_facet_id_has_no_terrain_material
1016,2,1016,,,,,,ec_facet_id_has_no_terrain_material
1017,2,1017,,,,,,ec_facet_id_has_no_terrain_material
1018,2,1018,,,,,,ec_facet_id_has_no_terrain_material
1019,2,1019,,,,,,ec_facet_id_has_no_terrain_material
1020,2,1020,,,,,,ec_facet_id_has_no_terrain_material
1021,2,1021,,,,,,ec_facet_id_has_no_terrain_material
1022,2,1022,,,,,,ec_facet_id_has_no_terrain_material
1023,2,1023,,,,,,ec_facet_id_has_no_terrain_material
1024,2,1024,,,,,,ec_facet_id_has_no_terrain_material
1025,2,1025,,,,,,ec_facet_id_has_no_terrain_material
1026,2,1026,,,,,,ec_facet_id_has_no_terrain_material
1027,2,1027,,,,,,ec_facet_id_has_no_terrain_material
1028,2,1028,,,,,,ec_facet_id_has_no_terrain_material
1029,2,1029,,,,,,ec_facet_id_has_no_terrain_material
1030,11,1030,11,true,2000110,2000110|2000111|1000003,4.000000|4.000000|16.000000,
1031,11,1031,,,,,,ec_facet_id_has_no_terrain_material
1032,11,1032,,,,,,ec_facet_id_has_no_terrain_material
1033,11,1033,,,,,,ec_facet_id_has_no_terrain_material
1034,12,1034,12,true,2000120,2000120|2000121|1000003,4.000000|4.000000|16.000000,
1035,12,1035,,,,,,ec_facet_id_has_no_terrain_material
1036,12,1036,,,,,,ec_facet_id_has_no_terrain_material
1037,12,1037,,,,,,ec_facet_id_has_no_terrain_material
1038,22,1038,22,true,2000230,2000230|2000231|1000003,4.000000|4.000000|16.000000,
1039,22,1039,,,,,,ec_facet_id_has_no_terrain_material
1040,22,1040,,,,,,ec_facet_id_has_no_terrain_material
1041,22,1041,,,,,,ec_facet_id_has_no_terrain_material
1042,23,1042,23,true,2000220,2000220|2000221|1000003,4.000000|4.000000|16.000000,
1043,23,1043,,,,,,ec_facet_id_has_no_terrain_material
1044,23,1044,,,,,,ec_facet_id_has_no_terrain_material
1045,23,1045,,,,,,ec_facet_id_has_no_terrain_material
1046,94,1046,,,,,,ec_facet_id_has_no_terrain_material
1047,95,1047,,,,,,ec_facet_id_has_no_terrain_material
1048,96,1048,,,,,,ec_facet_id_has_no_terrain_material
1049,97,1049,,,,,,ec_facet_id_has_no_terrain_material
1050,93,1050,,,,,,ec_facet_id_has_no_terrain_material
1051,90,,,,,,,
1052,91,1052,,,,,,ec_facet_id_has_no_terrain_material
1053,92,,,,,,,
1054,89,1054,89,true,2000880,2000880|2000881|1000003|1266,4.000000|4.000000|16.000000|1.000000,
1055,73,1055,,,,,,ec_facet_id_has_no_terrain_material
1056,78,1056,,,,,,ec_facet_id_has_no_terrain_material
1057,79,1057,,,,,,ec_facet_id_has_no_terrain_material
1058,80,1058,,,,,,ec_facet_id_has_no_terrain_material
1059,81,1059,,,,,,ec_facet_id_has_no_terrain_material
1060,75,1060,,,,,,ec_facet_id_has_no_terrain_material
1061,76,1061,,,,,,ec_facet_id_has_no_terrain_material
1062,77,1062,,,,,,ec_facet_id_has_no_terrain_material
1063,74,1063,,,,,,ec_facet_id_has_no_terrain_material
1064,88,1064,88,true,2000880,2000880|2000881|1000003,4.000000|4.000000|16.000000,
1065,98,,,,,,,
1066,99,,,,,,,
1067,100,,,,,,,
1068,101,,,,,,,
1069,102,,,,,,,
1070,103,,,,,,,
1071,72,1071,73,false,2000720,2000720|2000721|1000003|1267,4.000000|4.000000|16.000000|1.000000,different_material_route
1072,82,,,,,,,
1073,83,,,,,,,
1074,84,,,,,,,
1075,85,,,,,,,
1076,86,,,,,,,
1077,87,,,,,,,
1078,25,1078,25,true,2000250,2000250|2000251|1000003,4.000000|4.000000|16.000000,
1079,25,1079,,,,,,ec_facet_id_has_no_terrain_material
1080,25,1080,,,,,,ec_facet_id_has_no_terrain_material
1081,25,1081,,,,,,ec_facet_id_has_no_terrain_material
1082,26,1082,26,true,2000260,2000260|2000261|1000003,4.000000|4.000000|16.000000,
1083,26,1083,,,,,,ec_facet_id_has_no_terrain_material
1084,26,1084,,,,,,ec_facet_id_has_no_terrain_material
1085,26,1085,,,,,,ec_facet_id_has_no_terrain_material
1086,27,1086,27,true,2000270,2000270|2000271|1000003,4.000000|4.000000|16.000000,
1087,27,1087,,,,,,ec_facet_id_has_no_terrain_material
1088,27,1088,,,,,,ec_facet_id_has_no_terrain_material
1089,27,1089,,,,,,ec_facet_id_has_no_terrain_material
1090,28,1090,28,true,2000280,2000280|2000281|1000003,4.000000|4.000000|16.000000,
1091,28,1091,,,,,,ec_facet_id_has_no_terrain_material
1092,29,1092,29,true,2000290,2000290|2000291|1000003,4.000000|4.000000|16.000000,
1093,29,1093,,,,,,ec_facet_id_has_no_terrain_material
1094,30,1094,2030,false,2000300,2000300|2000301|1000003,4.000000|4.000000|16.000000,different_material_route
1095,30,1095,,,,,,ec_facet_id_has_no_terrain_material
1096,30,1096,,,,,,ec_facet_id_has_no_terrain_material
1097,30,1097,,,,,,ec_facet_id_has_no_terrain_material
1098,31,1098,2031,false,2000310,2000310|2000311|1000003,4.000000|4.000000|16.000000,different_material_route
1099,31,1099,,,,,,ec_facet_id_has_no_terrain_material
1100,31,1100,,,,,,ec_facet_id_has_no_terrain_material
1101,31,1101,,,,,,ec_facet_id_has_no_terrain_material
1102,32,1102,32,true,2000320,2000320|2000321|1000003,4.000000|4.000000|16.000000,
1103,32,1103,,,,,,ec_facet_id_has_no_terrain_material
1104,32,1104,,,,,,ec_facet_id_has_no_terrain_material
1105,32,,,,,,,
1106,33,1106,33,true,2000330,2000330|2000331|1000003,4.000000|4.000000|16.000000,
1107,33,,,,,,,
1108,33,1108,,,,,,ec_facet_id_has_no_terrain_material
1109,33,1109,,,,,,ec_facet_id_has_no_terrain_material
1110,30,1110,,,,,,ec_facet_id_has_no_terrain_material
1111,30,1111,,,,,,ec_facet_id_has_no_terrain_material
1112,30,1112,,,,,,ec_facet_id_has_no_terrain_material
1113,30,1113,,,,,,ec_facet_id_has_no_terrain_material
1114,30,1114,,,,,,ec_facet_id_has_no_terrain_material
1115,30,1115,,,,,,ec_facet_id_has_no_terrain_material
1116,30,1116,,,,,,ec_facet_id_has_no_terrain_material
1117,30,1117,,,,,,ec_facet_id_has_no_terrain_material
1118,30,1118,,,,,,ec_facet_id_has_no_terrain_material
1119,30,1119,,,,,,ec_facet_id_has_no_terrain_material
1120,30,1120,,,,,,ec_facet_id_has_no_terrain_material
1121,30,1121,,,,,,ec_facet_id_has_no_terrain_material
1122,30,1122,,,,,,ec_facet_id_has_no_terrain_material
1123,30,1123,,,,,,ec_facet_id_has_no_terrain_material
1124,30,1124,,,,,,ec_facet_id_has_no_terrain_material
1125,30,1125,,,,,,ec_facet_id_has_no_terrain_material
1126,30,1126,,,,,,ec_facet_id_has_no_terrain_material
1127,30,1127,,,,,,ec_facet_id_has_no_terrain_material
1128,30,1128,,,,,,ec_facet_id_has_no_terrain_material
1129,30,1129,,,,,,ec_facet_id_has_no_terrain_material
1130,30,1130,,,,,,ec_facet_id_has_no_terrain_material
1132,30,1132,,,,,,ec_facet_id_has_no_terrain_material
1133,30,1133,,,,,,ec_facet_id_has_no_terrain_material
1134,30,1134,,,,,,ec_facet_id_has_no_terrain_material
1135,30,1135,,,,,,ec_facet_id_has_no_terrain_material
1136,30,1136,,,,,,ec_facet_id_has_no_terrain_material
1137,30,1137,,,,,,ec_facet_id_has_no_terrain_material
1138,30,1138,,,,,,ec_facet_id_has_no_terrain_material
1139,30,1139,,,,,,ec_facet_id_has_no_terrain_material
1140,30,1140,,,,,,ec_facet_id_has_no_terrain_material
1141,30,1141,,,,,,ec_facet_id_has_no_terrain_material
1142,30,1142,,,,,,ec_facet_id_has_no_terrain_material
1143,30,1143,,,,,,ec_facet_id_has_no_terrain_material
1144,30,1144,,,,,,ec_facet_id_has_no_terrain_material
1145,30,1145,,,,,,ec_facet_id_has_no_terrain_material
1146,34,1146,34,true,2000340,2000340|2000341|1000003,4.000000|4.000000|16.000000,
1147,34,1147,,,,,,ec_facet_id_has_no_terrain_material
1148,34,1148,,,,,,ec_facet_id_has_no_terrain_material
1149,34,1149,,,,,,ec_facet_id_has_no_terrain_material
1150,35,1150,35,true,2000350,2000350|2000351|1000003,4.000000|4.000000|16.000000,
1151,35,1151,,,,,,ec_facet_id_has_no_terrain_material
1152,36,1152,2036,false,5000360,5000360|5000361|1000003,4.000000|4.000000|16.000000,different_material_route
1153,36,1153,,,,,,ec_facet_id_has_no_terrain_material
1154,36,1154,,,,,,ec_facet_id_has_no_terrain_material
1155,36,1155,,,,,,ec_facet_id_has_no_terrain_material
1156,35,1156,,,,,,ec_facet_id_has_no_terrain_material
1157,35,1157,,,,,,ec_facet_id_has_no_terrain_material
1158,37,1158,37,true,1299,1299|1300|1000003,2.500000|2.500000|16.000000,
1159,37,1159,,,,,,ec_facet_id_has_no_terrain_material
1160,37,1160,,,,,,ec_facet_id_has_no_terrain_material
1161,37,1161,,,,,,ec_facet_id_has_no_terrain_material
1162,104,1162,104,true,2001040,2001040|2001041|1000003,1.000000|1.000000|8.000000,
1163,105,1163,105,true,2001050,2001050|2001051|1000003,1.000000|1.000000|8.000000,
1164,106,1164,106,true,2001060,2001060|2001061|1000003,1.000000|1.000000|8.000000,
1165,107,1165,107,true,2001070,2001070|2001071|1000003,1.000000|1.000000|8.000000,
1166,108,1166,108,true,2001080,2001080|2001081|1000003,1.000000|1.000000|8.000000,
1167,38,1167,38,true,2000380,2000380|2000381|1000003,4.000000|4.000000|16.000000,
1168,38,1168,,,,,,ec_facet_id_has_no_terrain_material
1169,38,1169,,,,,,ec_facet_id_has_no_terrain_material
1170,38,1170,,,,,,ec_facet_id_has_no_terrain_material
1171,39,1171,39,true,2000390,2000390|2000391|1000003,4.000000|4.000000|16.000000,
1172,39,1172,,,,,,ec_facet_id_has_no_terrain_material
1173,39,1173,,,,,,ec_facet_id_has_no_terrain_material
1174,39,1174,,,,,,ec_facet_id_has_no_terrain_material
1203,109,1203,,,,,,ec_facet_id_has_no_terrain_material
1204,110,1204,,,,,,ec_facet_id_has_no_terrain_material
1205,111,1205,,,,,,ec_facet_id_has_no_terrain_material
1206,112,1206,,,,,,ec_facet_id_has_no_terrain_material
1207,113,1207,,,,,,ec_facet_id_has_no_terrain_material
1208,114,1208,,,,,,ec_facet_id_has_no_terrain_material
1209,115,1209,,,,,,ec_facet_id_has_no_terrain_material
1210,116,1210,,,,,,ec_facet_id_has_no_terrain_material
1211,117,1211,,,,,,ec_facet_id_has_no_terrain_material
1212,119,1212,,,,,,ec_facet_id_has_no_terrain_material
1213,120,1213,,,,,,ec_facet_id_has_no_terrain_material
1214,121,1214,,,,,,ec_facet_id_has_no_terrain_material
1215,122,1215,,,,,,ec_facet_id_has_no_terrain_material
1216,123,1216,,,,,,ec_facet_id_has_no_terrain_material
1217,124,1217,,,,,,ec_facet_id_has_no_terrain_material
1218,125,1218,,,,,,ec_facet_id_has_no_terrain_material
1219,126,1219,,,,,,ec_facet_id_has_no_terrain_material
1220,127,1220,,,,,,ec_facet_id_has_no_terrain_material
1221,118,1221,,,,,,ec_facet_id_has_no_terrain_material
1222,128,1222,,,,,,ec_facet_id_has_no_terrain_material
1229,0,1229,,,,,,ec_facet_id_has_no_terrain_material
1257,41,1257,41,true,2000410,2000410|2000411|1000003,2.000000|2.000000|16.000000,
1258,41,1258,,,,,,ec_facet_id_has_no_terrain_material
1259,42,1259,42,true,2000420,2000420|2000421|1000003,4.000000|4.000000|16.000000,
1260,42,1260,,,,,,ec_facet_id_has_no_terrain_material
1261,42,1261,,,,,,ec_facet_id_has_no_terrain_material
1262,42,1262,,,,,,ec_facet_id_has_no_terrain_material
1263,43,1263,43,true,2000430,2000430|2000431|1000003,4.000000|4.000000|16.000000,
1264,43,1264,,,,,,ec_facet_id_has_no_terrain_material
1265,43,1265,,,,,,ec_facet_id_has_no_terrain_material
1266,43,1266,,,,,,ec_facet_id_has_no_terrain_material
1293,160,1293,160,true,2000330,2000330|2000331|1000003,5.000000|5.000000|16.000000,
1294,161,1294,161,true,2000320,2000320|2000321|1000003,5.000000|5.000000|16.000000,
1295,162,1295,162,true,2000330,2000330|2000331|1000003,5.000000|5.000000|16.000000,
1296,163,1296,163,true,2000320,2000320|2000321|1000003,5.000000|5.000000|16.000000,
1351,2,1351,,,,,,ec_facet_id_has_no_terrain_material
1352,2,1352,,,,,,ec_facet_id_has_no_terrain_material
1353,2,1353,,,,,,ec_facet_id_has_no_terrain_material
1354,2,1354,,,,,,ec_facet_id_has_no_terrain_material
1355,2,1355,,,,,,ec_facet_id_has_no_terrain_material
1356,2,1356,,,,,,ec_facet_id_has_no_terrain_material
1357,2,1357,,,,,,ec_facet_id_has_no_terrain_material
1358,2,1358,,,,,,ec_facet_id_has_no_terrain_material
1359,4,1359,,,,,,ec_facet_id_has_no_terrain_material
1360,4,1360,,,,,,ec_facet_id_has_no_terrain_material
1361,4,1361,,,,,,ec_facet_id_has_no_terrain_material
1362,4,1362,,,,,,ec_facet_id_has_no_terrain_material
1363,2,1363,,,,,,ec_facet_id_has_no_terrain_material
1364,2,1364,,,,,,ec_facet_id_has_no_terrain_material
1365,2,1365,,,,,,ec_facet_id_has_no_terrain_material
1366,2,1366,,,,,,ec_facet_id_has_no_terrain_material
1402,1,1402,,,,,,ec_facet_id_has_no_terrain_material
1403,,1403,,,,,,ec_facet_id_has_no_terrain_material
1405,1,1405,,,,,,ec_facet_id_has_no_terrain_material
1406,1,1406,,,,,,ec_facet_id_has_no_terrain_material
1407,1,1407,,,,,,ec_facet_id_has_no_terrain_material
1409,3,1409,,,,,,ec_facet_id_has_no_terrain_material
1410,3,1410,,,,,,ec_facet_id_has_no_terrain_material
1411,3,1411,,,,,,ec_facet_id_has_no_terrain_material
1412,3,1412,,,,,,ec_facet_id_has_no_terrain_material
1413,3,1413,,,,,,ec_facet_id_has_no_terrain_material
1415,3,1415,,,,,,ec_facet_id_has_no_terrain_material
1416,3,1416,,,,,,ec_facet_id_has_no_terrain_material
1417,1,1417,,,,,,ec_facet_id_has_no_terrain_material
1418,1,1418,,,,,,ec_facet_id_has_no_terrain_material
1419,1,1419,,,,,,ec_facet_id_has_no_terrain_material
1420,,1420,,,,,,ec_facet_id_has_no_terrain_material
1421,3,1421,,,,,,ec_facet_id_has_no_terrain_material
1422,3,1422,,,,,,ec_facet_id_has_no_terrain_material
1423,3,1423,,,,,,ec_facet_id_has_no_terrain_material
1424,3,1424,,,,,,ec_facet_id_has_no_terrain_material
1431,2,1431,,,,,,ec_facet_id_has_no_terrain_material
1433,2,1433,,,,,,ec_facet_id_has_no_terrain_material
1434,2,1434,,,,,,ec_facet_id_has_no_terrain_material
1435,2,1435,,,,,,ec_facet_id_has_no_terrain_material
1436,2,1436,,,,,,ec_facet_id_has_no_terrain_material
1438,2,1438,,,,,,ec_facet_id_has_no_terrain_material
1439,3,1439,,,,,,ec_facet_id_has_no_terrain_material
1441,3,1441,,,,,,ec_facet_id_has_no_terrain_material
1442,3,1442,,,,,,ec_facet_id_has_no_terrain_material
1446,3,1446,,,,,,ec_facet_id_has_no_terrain_material
1522,4,1522,,,,,,ec_facet_id_has_no_terrain_material
1523,4,1523,,,,,,ec_facet_id_has_no_terrain_material
1524,4,1524,,,,,,ec_facet_id_has_no_terrain_material
1525,3,1525,,,,,,ec_facet_id_has_no_terrain_material
1526,3,1526,,,,,,ec_facet_id_has_no_terrain_material
1527,,1527,,,,,,ec_facet_id_has_no_terrain_material
1528,3,1528,,,,,,ec_facet_id_has_no_terrain_material
1530,4,1530,,,,,,ec_facet_id_has_no_terrain_material
1531,4,1531,,,,,,ec_facet_id_has_no_terrain_material
1539,,1539,,,,,,ec_facet_id_has_no_terrain_material
1541,,1541,,,,,,ec_facet_id_has_no_terrain_material
1546,3,1546,,,,,,ec_facet_id_has_no_terrain_material
1548,3,1548,,,,,,ec_facet_id_has_no_terrain_material
1549,3,1549,,,,,,ec_facet_id_has_no_terrain_material
1553,4,1553,,,,,,ec_facet_id_has_no_terrain_material
1557,3,1557,,,,,,ec_facet_id_has_no_terrain_material
1558,3,1558,,,,,,ec_facet_id_has_no_terrain_material
1560,3,1560,,,,,,ec_facet_id_has_no_terrain_material
1571,2,1571,,,,,,ec_facet_id_has_no_terrain_material
1572,2,1572,,,,,,ec_facet_id_has_no_terrain_material
1573,2,1573,,,,,,ec_facet_id_has_no_terrain_material
1574,2,1574,,,,,,ec_facet_id_has_no_terrain_material
1575,2,1575,,,,,,ec_facet_id_has_no_terrain_material
1577,2,1577,,,,,,ec_facet_id_has_no_terrain_material
1578,2,1578,,,,,,ec_facet_id_has_no_terrain_material
1579,2,1579,,,,,,ec_facet_id_has_no_terrain_material
1580,2,1580,,,,,,ec_facet_id_has_no_terrain_material
1581,2,1581,,,,,,ec_facet_id_has_no_terrain_material
1583,2,1583,,,,,,ec_facet_id_has_no_terrain_material
1584,2,1584,,,,,,ec_facet_id_has_no_terrain_material
1585,2,1585,,,,,,ec_facet_id_has_no_terrain_material
1587,2,1587,,,,,,ec_facet_id_has_no_terrain_material
1588,2,1588,,,,,,ec_facet_id_has_no_terrain_material
1589,2,1589,,,,,,ec_facet_id_has_no_terrain_material
1591,2,1591,,,,,,ec_facet_id_has_no_terrain_material
1592,2,1592,,,,,,ec_facet_id_has_no_terrain_material
1593,2,1593,,,,,,ec_facet_id_has_no_terrain_material
1594,2,1594,,,,,,ec_facet_id_has_no_terrain_material
1595,13,1595,,,,,,ec_facet_id_has_no_terrain_material
1596,13,1596,,,,,,ec_facet_id_has_no_terrain_material
1597,13,1597,,,,,,ec_facet_id_has_no_terrain_material
1598,13,1598,,,,,,ec_facet_id_has_no_terrain_material
1611,7,1611,,,,,,ec_facet_id_has_no_terrain_material
1612,7,1612,,,,,,ec_facet_id_has_no_terrain_material
1613,7,1613,,,,,,ec_facet_id_has_no_terrain_material
1616,7,1616,,,,,,ec_facet_id_has_no_terrain_material
1618,7,1618,,,,,,ec_facet_id_has_no_terrain_material
1619,4,1619,,,,,,ec_facet_id_has_no_terrain_material
1621,4,1621,,,,,,ec_facet_id_has_no_terrain_material
1625,7,1625,,,,,,ec_facet_id_has_no_terrain_material
1661,,1661,,,,,,ec_facet_id_has_no_terrain_material
1662,,1662,,,,,,ec_facet_id_has_no_terrain_material
1663,,1663,,,,,,ec_facet_id_has_no_terrain_material
1664,1,1664,,,,,,ec_facet_id_has_no_terrain_material
1665,,1665,,,,,,ec_facet_id_has_no_terrain_material
1666,,1666,,,,,,ec_facet_id_has_no_terrain_material
1667,,1667,,,,,,ec_facet_id_has_no_terrain_material
1668,,1668,,,,,,ec_facet_id_has_no_terrain_material
1669,,1669,,,,,,ec_facet_id_has_no_terrain_material
1670,9,1670,,,,,,ec_facet_id_has_no_terrain_material
1671,,1671,,,,,,ec_facet_id_has_no_terrain_material
1672,,1672,,,,,,ec_facet_id_has_no_terrain_material
1684,,1684,,,,,,ec_facet_id_has_no_terrain_material
1711,4,1711,,,,,,ec_facet_id_has_no_terrain_material
1712,4,1712,,,,,,ec_facet_id_has_no_terrain_material
1713,4,1713,,,,,,ec_facet_id_has_no_terrain_material
1714,4,1714,,,,,,ec_facet_id_has_no_terrain_material
1715,4,1715,,,,,,ec_facet_id_has_no_terrain_material
1716,4,1716,,,,,,ec_facet_id_has_no_terrain_material
1717,1,1717,,,,,,ec_facet_id_has_no_terrain_material
1718,1,1718,,,,,,ec_facet_id_has_no_terrain_material
1719,1,1719,,,,,,ec_facet_id_has_no_terrain_material
1720,1,1720,,,,,,ec_facet_id_has_no_terrain_material
1721,1,1721,,,,,,ec_facet_id_has_no_terrain_material
1722,1,1722,,,,,,ec_facet_id_has_no_terrain_material
1723,4,1723,,,,,,ec_facet_id_has_no_terrain_material
1724,4,1724,,,,,,ec_facet_id_has_no_terrain_material
1725,4,1725,,,,,,ec_facet_id_has_no_terrain_material
1726,4,1726,,,,,,ec_facet_id_has_no_terrain_material
1727,1,1727,,,,,,ec_facet_id_has_no_terrain_material
1728,1,1728,,,,,,ec_facet_id_has_no_terrain_material
1729,1,1729,,,,,,ec_facet_id_has_no_terrain_material
1730,1,1730,,,,,,ec_facet_id_has_no_terrain_material
1741,6,1741,,,,,,ec_facet_id_has_no_terrain_material
1743,6,1743,,,,,,ec_facet_id_has_no_terrain_material
1744,6,1744,,,,,,ec_facet_id_has_no_terrain_material
1745,6,1745,,,,,,ec_facet_id_has_no_terrain_material
1746,1,1746,,,,,,ec_facet_id_has_no_terrain_material
1747,1,1747,,,,,,ec_facet_id_has_no_terrain_material
1748,1,1748,,,,,,ec_facet_id_has_no_terrain_material
1749,1,1749,,,,,,ec_facet_id_has_no_terrain_material
1750,1,1750,,,,,,ec_facet_id_has_no_terrain_material
1752,1,1752,,,,,,ec_facet_id_has_no_terrain_material
1753,1,1753,,,,,,ec_facet_id_has_no_terrain_material
1754,6,1754,,,,,,ec_facet_id_has_no_terrain_material
1755,6,1755,,,,,,ec_facet_id_has_no_terrain_material
1756,6,1756,,,,,,ec_facet_id_has_no_terrain_material
1757,6,1757,,,,,,ec_facet_id_has_no_terrain_material
1758,1,1758,,,,,,ec_facet_id_has_no_terrain_material
1759,1,1759,,,,,,ec_facet_id_has_no_terrain_material
1760,1,1760,,,,,,ec_facet_id_has_no_terrain_material
1761,1,1761,,,,,,ec_facet_id_has_no_terrain_material
1771,6,1771,,,,,,ec_facet_id_has_no_terrain_material
1772,6,1772,,,,,,ec_facet_id_has_no_terrain_material
1773,6,1773,,,,,,ec_facet_id_has_no_terrain_material
1774,6,1774,,,,,,ec_facet_id_has_no_terrain_material
1775,6,1775,,,,,,ec_facet_id_has_no_terrain_material
1777,6,1777,,,,,,ec_facet_id_has_no_terrain_material
1778,6,1778,,,,,,ec_facet_id_has_no_terrain_material
1779,2,1779,,,,,,ec_facet_id_has_no_terrain_material
1780,2,1780,,,,,,ec_facet_id_has_no_terrain_material
1781,2,1781,,,,,,ec_facet_id_has_no_terrain_material
1782,2,1782,,,,,,ec_facet_id_has_no_terrain_material
1783,2,1783,,,,,,ec_facet_id_has_no_terrain_material
1784,2,1784,,,,,,ec_facet_id_has_no_terrain_material
1785,2,1785,,,,,,ec_facet_id_has_no_terrain_material
1786,2,1786,,,,,,ec_facet_id_has_no_terrain_material
1787,6,1787,,,,,,ec_facet_id_has_no_terrain_material
1788,6,1788,,,,,,ec_facet_id_has_no_terrain_material
1789,6,1789,,,,,,ec_facet_id_has_no_terrain_material
1790,6,1790,,,,,,ec_facet_id_has_no_terrain_material
1801,4,1801,,,,,,ec_facet_id_has_no_terrain_material
1802,4,1802,,,,,,ec_facet_id_has_no_terrain_material
1803,4,1803,,,,,,ec_facet_id_has_no_terrain_material
1804,4,1804,,,,,,ec_facet_id_has_no_terrain_material
1807,6,1807,,,,,,ec_facet_id_has_no_terrain_material
1812,6,1812,,,,,,ec_facet_id_has_no_terrain_material
1813,4,1813,,,,,,ec_facet_id_has_no_terrain_material
1814,4,1814,,,,,,ec_facet_id_has_no_terrain_material
1815,4,1815,,,,,,ec_facet_id_has_no_terrain_material
1816,4,1816,,,,,,ec_facet_id_has_no_terrain_material
1817,4,1817,,,,,,ec_facet_id_has_no_terrain_material
1818,4,1818,,,,,,ec_facet_id_has_no_terrain_material
1819,4,1819,,,,,,ec_facet_id_has_no_terrain_material
1820,4,1820,,,,,,ec_facet_id_has_no_terrain_material
1821,6,1821,,,,,,ec_facet_id_has_no_terrain_material
1822,6,1822,,,,,,ec_facet_id_has_no_terrain_material
1823,6,1823,,,,,,ec_facet_id_has_no_terrain_material
1824,6,1824,,,,,,ec_facet_id_has_no_terrain_material
1851,6,1851,,,,,,ec_facet_id_has_no_terrain_material
1853,6,1853,,,,,,ec_facet_id_has_no_terrain_material
1854,6,1854,,,,,,ec_facet_id_has_no_terrain_material
1861,8,1861,,,,,,ec_facet_id_has_no_terrain_material
1863,8,1863,,,,,,ec_facet_id_has_no_terrain_material
1866,6,1866,,,,,,ec_facet_id_has_no_terrain_material
1873,8,1873,,,,,,ec_facet_id_has_no_terrain_material
1877,8,1877,,,,,,ec_facet_id_has_no_terrain_material
1879,8,1879,,,,,,ec_facet_id_has_no_terrain_material
1880,8,1880,,,,,,ec_facet_id_has_no_terrain_material
1883,6,1883,,,,,,ec_facet_id_has_no_terrain_material
1884,6,1884,,,,,,ec_facet_id_has_no_terrain_material
1885,8,1885,,,,,,ec_facet_id_has_no_terrain_material
1887,8,1887,,,,,,ec_facet_id_has_no_terrain_material
1888,8,1888,,,,,,ec_facet_id_has_no_terrain_material
1901,63,1901,,,,,,ec_facet_id_has_no_terrain_material
1902,64,1902,,,,,,ec_facet_id_has_no_terrain_material
1903,62,1903,,,,,,ec_facet_id_has_no_terrain_material
1904,62,1904,,,,,,ec_facet_id_has_no_terrain_material
1905,63,1905,,,,,,ec_facet_id_has_no_terrain_material
1906,63,1906,,,,,,ec_facet_id_has_no_terrain_material
1907,61,1907,,,,,,ec_facet_id_has_no_terrain_material
1911,58,1911,,,,,,ec_facet_id_has_no_terrain_material
1912,58,1912,,,,,,ec_facet_id_has_no_terrain_material
1913,58,1913,,,,,,ec_facet_id_has_no_terrain_material
1914,58,1914,,,,,,ec_facet_id_has_no_terrain_material
1915,60,1915,,,,,,ec_facet_id_has_no_terrain_material
1916,60,1916,,,,,,ec_facet_id_has_no_terrain_material
1917,60,1917,,,,,,ec_facet_id_has_no_terrain_material
1918,60,1918,,,,,,ec_facet_id_has_no_terrain_material
1919,59,1919,,,,,,ec_facet_id_has_no_terrain_material
1920,58,1920,,,,,,ec_facet_id_has_no_terrain_material
1921,59,1921,,,,,,ec_facet_id_has_no_terrain_material
1922,59,1922,,,,,,ec_facet_id_has_no_terrain_material
1923,60,1923,,,,,,ec_facet_id_has_no_terrain_material
1924,58,1924,,,,,,ec_facet_id_has_no_terrain_material
1925,60,1925,,,,,,ec_facet_id_has_no_terrain_material
1926,58,1926,,,,,,ec_facet_id_has_no_terrain_material
1927,60,1927,,,,,,ec_facet_id_has_no_terrain_material
1928,58,1928,,,,,,ec_facet_id_has_no_terrain_material
1929,58,1929,,,,,,ec_facet_id_has_no_terrain_material
1930,58,1930,,,,,,ec_facet_id_has_no_terrain_material
1931,58,1931,,,,,,ec_facet_id_has_no_terrain_material
1932,60,1932,,,,,,ec_facet_id_has_no_terrain_material
1933,60,1933,,,,,,ec_facet_id_has_no_terrain_material
1934,58,1934,,,,,,ec_facet_id_has_no_terrain_material
1935,60,1935,,,,,,ec_facet_id_has_no_terrain_material
1936,60,1936,,,,,,ec_facet_id_has_no_terrain_material
1937,58,1937,,,,,,ec_facet_id_has_no_terrain_material
1946,2,1946,,,,,,ec_facet_id_has_no_terrain_material
1948,2,1948,,,,,,ec_facet_id_has_no_terrain_material
1949,2,1949,,,,,,ec_facet_id_has_no_terrain_material
1950,2,1950,,,,,,ec_facet_id_has_no_terrain_material
1951,2,1951,,,,,,ec_facet_id_has_no_terrain_material
1952,2,1952,,,,,,ec_facet_id_has_no_terrain_material
1954,2,1954,,,,,,ec_facet_id_has_no_terrain_material
1955,2,1955,,,,,,ec_facet_id_has_no_terrain_material
1956,2,1956,,,,,,ec_facet_id_has_no_terrain_material
1957,2,1957,,,,,,ec_facet_id_has_no_terrain_material
1959,2,1959,,,,,,ec_facet_id_has_no_terrain_material
1960,2,1960,,,,,,ec_facet_id_has_no_terrain_material
1961,2,1961,,,,,,ec_facet_id_has_no_terrain_material
1962,9,1962,,,,,,ec_facet_id_has_no_terrain_material
1963,9,1963,,,,,,ec_facet_id_has_no_terrain_material
1964,9,1964,,,,,,ec_facet_id_has_no_terrain_material
1965,9,1965,,,,,,ec_facet_id_has_no_terrain_material
1967,2,1967,,,,,,ec_facet_id_has_no_terrain_material
1968,2,1968,,,,,,ec_facet_id_has_no_terrain_material
1969,2,1969,,,,,,ec_facet_id_has_no_terrain_material
1981,7,1981,,,,,,ec_facet_id_has_no_terrain_material
1982,7,1982,,,,,,ec_facet_id_has_no_terrain_material
1983,7,1983,,,,,,ec_facet_id_has_no_terrain_material
1984,7,1984,,,,,,ec_facet_id_has_no_terrain_material
1985,6,1985,,,,,,ec_facet_id_has_no_terrain_material
1986,6,1986,,,,,,ec_facet_id_has_no_terrain_material
1987,6,1987,,,,,,ec_facet_id_has_no_terrain_material
1988,6,1988,,,,,,ec_facet_id_has_no_terrain_material
1991,6,1991,,,,,,ec_facet_id_has_no_terrain_material
1992,6,1992,,,,,,ec_facet_id_has_no_terrain_material
1993,7,1993,,,,,,ec_facet_id_has_no_terrain_material
1994,7,1994,,,,,,ec_facet_id_has_no_terrain_material
1995,7,1995,,,,,,ec_facet_id_has_no_terrain_material
1996,7,1996,,,,,,ec_facet_id_has_no_terrain_material
1997,7,1997,,,,,,ec_facet_id_has_no_terrain_material
1998,7,1998,,,,,,ec_facet_id_has_no_terrain_material
2000,7,2000,,,,,,ec_facet_id_has_no_terrain_material
2001,6,2001,2001,false,5000011,5000010|5000011|1000003,10.000000|4.000000|32.000000,different_material_route
2002,6,2002,2002,false,5000020,5000020|5000021|1000003,5.000000|5.000000|16.000000,different_material_route
2003,6,2003,2003,false,5000030,5000030|5000031|1000003,5.000000|5.000000|16.000000,different_material_route
2004,6,2004,2004,false,5000040,5000040|5000041|1000003,4.000000|4.000000|16.000000,different_material_route
2028,44,2028,,,,,,ec_facet_id_has_no_terrain_material
2029,44,2029,,,,,,ec_facet_id_has_no_terrain_material
2030,44,2030,2030,false,2000300,2000300|2000301|1000003,4.000000|4.000000|16.000000,different_material_route
2031,44,2031,2031,false,2000310,2000310|2000311|1000003,4.000000|4.000000|16.000000,different_material_route
2032,44,2032,,,,,,ec_facet_id_has_no_terrain_material
2033,44,2033,,,,,,ec_facet_id_has_no_terrain_material
2100,45,2100,45,true,2000450,2000450|2000450|1000003,5.000000|5.000000|16.000000,
2101,45,2101,,,,,,ec_facet_id_has_no_terrain_material
2102,45,2102,,,,,,ec_facet_id_has_no_terrain_material
2103,45,2103,,,,,,ec_facet_id_has_no_terrain_material
2104,45,2104,,,,,,ec_facet_id_has_no_terrain_material
2105,45,2105,,,,,,ec_facet_id_has_no_terrain_material
2444,58,2444,,,,,,ec_facet_id_has_no_terrain_material
2445,58,2445,,,,,,ec_facet_id_has_no_terrain_material
2446,60,2446,,,,,,ec_facet_id_has_no_terrain_material
2447,60,2447,,,,,,ec_facet_id_has_no_terrain_material
2448,60,2448,,,,,,ec_facet_id_has_no_terrain_material
2449,60,2449,,,,,,ec_facet_id_has_no_terrain_material
2450,60,2450,,,,,,ec_facet_id_has_no_terrain_material
2451,60,2451,,,,,,ec_facet_id_has_no_terrain_material
2452,58,2452,,,,,,ec_facet_id_has_no_terrain_material
2453,46,2453,46,true,2000580,2000580|2000581|1000003,5.000000|5.000000|16.000000,
2454,58,2454,,,,,,ec_facet_id_has_no_terrain_material
2455,58,2455,,,,,,ec_facet_id_has_no_terrain_material
2456,58,2456,,,,,,ec_facet_id_has_no_terrain_material
2457,58,2457,,,,,,ec_facet_id_has_no_terrain_material
2458,60,2458,,,,,,ec_facet_id_has_no_terrain_material
2459,60,2459,,,,,,ec_facet_id_has_no_terrain_material
2460,60,2460,,,,,,ec_facet_id_has_no_terrain_material
2461,60,2461,,,,,,ec_facet_id_has_no_terrain_material
2462,58,2462,,,,,,ec_facet_id_has_no_terrain_material
2463,58,2463,,,,,,ec_facet_id_has_no_terrain_material
2476,58,2476,,,,,,ec_facet_id_has_no_terrain_material
2477,58,2477,,,,,,ec_facet_id_has_no_terrain_material
2478,60,2478,,,,,,ec_facet_id_has_no_terrain_material
2479,60,2479,,,,,,ec_facet_id_has_no_terrain_material
2480,60,2480,,,,,,ec_facet_id_has_no_terrain_material
2481,60,2481,,,,,,ec_facet_id_has_no_terrain_material
2482,60,2482,,,,,,ec_facet_id_has_no_terrain_material
2483,60,2483,,,,,,ec_facet_id_has_no_terrain_material
2484,58,2484,,,,,,ec_facet_id_has_no_terrain_material
2485,58,2485,,,,,,ec_facet_id_has_no_terrain_material
2486,58,2486,,,,,,ec_facet_id_has_no_terrain_material
2487,58,2487,,,,,,ec_facet_id_has_no_terrain_material
2488,58,2488,,,,,,ec_facet_id_has_no_terrain_material
2489,58,2489,,,,,,ec_facet_id_has_no_terrain_material
2490,60,2490,,,,,,ec_facet_id_has_no_terrain_material
2491,60,2491,,,,,,ec_facet_id_has_no_terrain_material
2492,60,2492,,,,,,ec_facet_id_has_no_terrain_material
2493,60,2493,,,,,,ec_facet_id_has_no_terrain_material
2494,58,2494,,,,,,ec_facet_id_has_no_terrain_material
2495,58,2495,,,,,,ec_facet_id_has_no_terrain_material
2500,48,2500,,,,,,ec_facet_id_has_no_terrain_material
2540,,2540,,,,,,ec_facet_id_has_no_terrain_material
2541,,2541,,,,,,ec_facet_id_has_no_terrain_material
2542,,2542,,,,,,ec_facet_id_has_no_terrain_material
2543,,2543,,,,,,ec_facet_id_has_no_terrain_material
2544,,2544,,,,,,ec_facet_id_has_no_terrain_material
2545,,2545,,,,,,ec_facet_id_has_no_terrain_material
2546,,2546,,,,,,ec_facet_id_has_no_terrain_material
2547,,2547,,,,,,ec_facet_id_has_no_terrain_material
2548,,2548,,,,,,ec_facet_id_has_no_terrain_material
2549,,2549,,,,,,ec_facet_id_has_no_terrain_material
2550,,2550,,,,,,ec_facet_id_has_no_terrain_material
2551,,2551,,,,,,ec_facet_id_has_no_terrain_material
10040,,10040,40,,2000400,2000400|2000401|1000003,4.000000|4.000000|16.000000,
10053,,10053,53,,2000532,2000532|2000530|2000530|2000531,24.000000|0.500000|0.500000|24.000000,
11790,49,11790,2049,false,2000490,1000012|2000490|2000490,12.000000|8.000000|8.000000,different_material_route
11791,49,11791,,,,,,ec_facet_id_has_no_terrain_material
11805,49,11805,,,,,,ec_facet_id_has_no_terrain_material
11806,49,11806,,,,,,ec_facet_id_has_no_terrain_material
11818,49,11818,,,,,,ec_facet_id_has_no_terrain_material
11819,49,11819,,,,,,ec_facet_id_has_no_terrain_material
11820,49,11820,,,,,,ec_facet_id_has_no_terrain_material
11821,49,11821,,,,,,ec_facet_id_has_no_terrain_material
11822,49,11822,,,,,,ec_facet_id_has_no_terrain_material
11823,49,11823,,,,,,ec_facet_id_has_no_terrain_material
11824,49,11824,,,,,,ec_facet_id_has_no_terrain_material
11825,49,11825,,,,,,ec_facet_id_has_no_terrain_material
11826,49,11826,,,,,,ec_facet_id_has_no_terrain_material
11827,49,11827,,,,,,ec_facet_id_has_no_terrain_material
11828,49,11828,,,,,,ec_facet_id_has_no_terrain_material
11829,49,11829,,,,,,ec_facet_id_has_no_terrain_material
11830,49,11830,,,,,,ec_facet_id_has_no_terrain_material
11831,49,11831,,,,,,ec_facet_id_has_no_terrain_material
11832,49,11832,,,,,,ec_facet_id_has_no_terrain_material
11833,49,11833,,,,,,ec_facet_id_has_no_terrain_material
11835,169,11835,169,true,2000490,1000012|2000490|2000490,12.000000|8.000000|8.000000,
11881,147,11881,147,true,2001470,2001470|2001471|1000003,5.000000|5.000000|16.000000,
11882,147,11882,,,,,,ec_facet_id_has_no_terrain_material
11883,147,11883,,,,,,ec_facet_id_has_no_terrain_material
11886,149,11886,,,,,,ec_facet_id_has_no_terrain_material
11887,147,11887,,,,,,ec_facet_id_has_no_terrain_material
11888,147,11888,,,,,,ec_facet_id_has_no_terrain_material
11889,147,11889,,,,,,ec_facet_id_has_no_terrain_material
11890,149,11890,,,,,,ec_facet_id_has_no_terrain_material
11891,148,11891,148,true,2001480,2001480|2001481|1000003,5.000000|5.000000|16.000000,
11892,149,11892,,,,,,ec_facet_id_has_no_terrain_material
11893,147,11893,,,,,,ec_facet_id_has_no_terrain_material
11894,147,11894,,,,,,ec_facet_id_has_no_terrain_material
11895,149,11895,,,,,,ec_facet_id_has_no_terrain_material
11896,149,11896,,,,,,ec_facet_id_has_no_terrain_material
11897,148,11897,,,,,,ec_facet_id_has_no_terrain_material
11899,149,11899,,,,,,ec_facet_id_has_no_terrain_material
11900,147,11900,,,,,,ec_facet_id_has_no_terrain_material
11901,147,11901,,,,,,ec_facet_id_has_no_terrain_material
11902,147,11902,,,,,,ec_facet_id_has_no_terrain_material
11903,148,11903,,,,,,ec_facet_id_has_no_terrain_material
11905,147,11905,,,,,,ec_facet_id_has_no_terrain_material
11906,149,11906,149,true,2001490,2001490|2001491|1000003,5.000000|5.000000|16.000000,
11907,149,11907,,,,,,ec_facet_id_has_no_terrain_material
11908,149,11908,,,,,,ec_facet_id_has_no_terrain_material
11909,148,11909,,,,,,ec_facet_id_has_no_terrain_material
11913,149,11913,,,,,,ec_facet_id_has_no_terrain_material
11914,149,11914,,,,,,ec_facet_id_has_no_terrain_material
11919,149,11919,,,,,,ec_facet_id_has_no_terrain_material
11920,150,11920,150,true,2001500,2001500|2001501|1000003,5.000000|5.000000|16.000000,
11922,147,11922,,,,,,ec_facet_id_has_no_terrain_material
11924,149,11924,,,,,,ec_facet_id_has_no_terrain_material
11925,150,11925,,,,,,ec_facet_id_has_no_terrain_material
11927,147,11927,,,,,,ec_facet_id_has_no_terrain_material
11928,147,11928,,,,,,ec_facet_id_has_no_terrain_material
11930,149,11930,,,,,,ec_facet_id_has_no_terrain_material
11931,149,11931,,,,,,ec_facet_id_has_no_terrain_material
11932,149,11932,,,,,,ec_facet_id_has_no_terrain_material
11933,147,11933,,,,,,ec_facet_id_has_no_terrain_material
11934,147,11934,,,,,,ec_facet_id_has_no_terrain_material
11935,147,11935,,,,,,ec_facet_id_has_no_terrain_material
11936,147,11936,,,,,,ec_facet_id_has_no_terrain_material
11937,147,11937,,,,,,ec_facet_id_has_no_terrain_material
11938,148,11938,,,,,,ec_facet_id_has_no_terrain_material
11939,147,11939,,,,,,ec_facet_id_has_no_terrain_material
11940,147,11940,,,,,,ec_facet_id_has_no_terrain_material
11941,147,11941,,,,,,ec_facet_id_has_no_terrain_material
11942,147,11942,,,,,,ec_facet_id_has_no_terrain_material
11943,147,11943,,,,,,ec_facet_id_has_no_terrain_material
11944,147,11944,,,,,,ec_facet_id_has_no_terrain_material
11945,147,11945,,,,,,ec_facet_id_has_no_terrain_material
11946,148,11946,,,,,,ec_facet_id_has_no_terrain_material
11947,147,11947,,,,,,ec_facet_id_has_no_terrain_material
11948,147,11948,,,,,,ec_facet_id_has_no_terrain_material
11951,147,11951,,,,,,ec_facet_id_has_no_terrain_material
11953,147,11953,,,,,,ec_facet_id_has_no_terrain_material
11957,147,11957,,,,,,ec_facet_id_has_no_terrain_material
11958,147,11958,,,,,,ec_facet_id_has_no_terrain_material
11959,147,11959,,,,,,ec_facet_id_has_no_terrain_material
11960,147,11960,,,,,,ec_facet_id_has_no_terrain_material
11961,151,11961,,,,,,ec_facet_id_has_no_terrain_material
11962,151,11962,,,,,,ec_facet_id_has_no_terrain_material
11963,151,11963,,,,,,ec_facet_id_has_no_terrain_material
11964,151,11964,,,,,,ec_facet_id_has_no_terrain_material
11965,151,11965,,,,,,ec_facet_id_has_no_terrain_material
11967,151,11967,,,,,,ec_facet_id_has_no_terrain_material
11968,151,11968,,,,,,ec_facet_id_has_no_terrain_material
11969,151,11969,,,,,,ec_facet_id_has_no_terrain_material
11971,148,11971,,,,,,ec_facet_id_has_no_terrain_material
11972,151,11972,151,true,2001510,2001510|2001511|1000003,5.000000|5.000000|16.000000,
11973,151,11973,,,,,,ec_facet_id_has_no_terrain_material
11974,151,11974,,,,,,ec_facet_id_has_no_terrain_material
11975,152,11975,152,true,2001520,2001520|2001521|1000003,5.000000|5.000000|16.000000,
11976,152,11976,152,true,2001520,2001520|2001521|1000003,5.000000|5.000000|16.000000,
11977,152,11977,,,,,,ec_facet_id_has_no_terrain_material
11978,147,11978,,,,,,ec_facet_id_has_no_terrain_material
11979,151,11979,,,,,,ec_facet_id_has_no_terrain_material
11980,151,11980,,,,,,ec_facet_id_has_no_terrain_material
11982,151,11982,,,,,,ec_facet_id_has_no_terrain_material
11983,153,11983,153,true,2001530,2001530|2001531|1000003,5.000000|5.000000|16.000000,
11984,153,11984,,,,,,ec_facet_id_has_no_terrain_material
11985,153,11985,,,,,,ec_facet_id_has_no_terrain_material
11986,151,11986,,,,,,ec_facet_id_has_no_terrain_material
11987,148,11987,,,,,,ec_facet_id_has_no_terrain_material
11988,151,11988,,,,,,ec_facet_id_has_no_terrain_material
11989,147,11989,,,,,,ec_facet_id_has_no_terrain_material
11990,147,11990,,,,,,ec_facet_id_has_no_terrain_material
11991,151,11991,,,,,,ec_facet_id_has_no_terrain_material
11992,151,11992,,,,,,ec_facet_id_has_no_terrain_material
11993,151,11993,,,,,,ec_facet_id_has_no_terrain_material
11994,148,11994,,,,,,ec_facet_id_has_no_terrain_material
11995,151,11995,,,,,,ec_facet_id_has_no_terrain_material
12003,149,12003,,,,,,ec_facet_id_has_no_terrain_material
12004,148,12004,,,,,,ec_facet_id_has_no_terrain_material
12005,149,12005,,,,,,ec_facet_id_has_no_terrain_material
12006,151,12006,151,true,2001510,2001510|2001511|1000003,5.000000|5.000000|16.000000,
12007,151,12007,,,,,,ec_facet_id_has_no_terrain_material
12008,151,12008,,,,,,ec_facet_id_has_no_terrain_material
12011,149,12011,,,,,,ec_facet_id_has_no_terrain_material
12012,149,12012,,,,,,ec_facet_id_has_no_terrain_material
12013,149,12013,,,,,,ec_facet_id_has_no_terrain_material
12014,149,12014,,,,,,ec_facet_id_has_no_terrain_material
12015,147,12015,,,,,,ec_facet_id_has_no_terrain_material
12016,151,12016,,,,,,ec_facet_id_has_no_terrain_material
12017,151,12017,,,,,,ec_facet_id_has_no_terrain_material
12018,148,12018,,,,,,ec_facet_id_has_no_terrain_material
12019,148,12019,,,,,,ec_facet_id_has_no_terrain_material
12020,148,12020,,,,,,ec_facet_id_has_no_terrain_material
12023,147,12023,,,,,,ec_facet_id_has_no_terrain_material
12024,147,12024,,,,,,ec_facet_id_has_no_terrain_material
12025,147,12025,,,,,,ec_facet_id_has_no_terrain_material
12026,147,12026,,,,,,ec_facet_id_has_no_terrain_material
12027,147,12027,,,,,,ec_facet_id_has_no_terrain_material
12029,151,12029,,,,,,ec_facet_id_has_no_terrain_material
12030,151,12030,,,,,,ec_facet_id_has_no_terrain_material
12032,151,12032,,,,,,ec_facet_id_has_no_terrain_material
12034,151,12034,,,,,,ec_facet_id_has_no_terrain_material
12035,151,12035,,,,,,ec_facet_id_has_no_terrain_material
12038,149,12038,,,,,,ec_facet_id_has_no_terrain_material
12040,149,12040,,,,,,ec_facet_id_has_no_terrain_material
12041,151,12041,,,,,,ec_facet_id_has_no_terrain_material
12042,151,12042,,,,,,ec_facet_id_has_no_terrain_material
12043,151,12043,,,,,,ec_facet_id_has_no_terrain_material
12044,151,12044,,,,,,ec_facet_id_has_no_terrain_material
12045,151,12045,,,,,,ec_facet_id_has_no_terrain_material
12046,151,12046,,,,,,ec_facet_id_has_no_terrain_material
12130,17,,,,,,,
12519,0,,,,,,,
15088,145,15088,145,true,2001450,2001450|2001451|1000003,5.000000|5.000000|16.000000,
15089,145,15089,,,,,,ec_facet_id_has_no_terrain_material
15090,145,15090,,,,,,ec_facet_id_has_no_terrain_material
15091,145,15091,,,,,,ec_facet_id_has_no_terrain_material
15092,145,15092,,,,,,ec_facet_id_has_no_terrain_material
15093,145,15093,,,,,,ec_facet_id_has_no_terrain_material
15094,145,15094,,,,,,ec_facet_id_has_no_terrain_material
15095,145,15095,,,,,,ec_facet_id_has_no_terrain_material
15096,145,15096,,,,,,ec_facet_id_has_no_terrain_material
15808,69,,,,,,,
15809,129,15809,129,true,2000480,2000480|2000481|1000003|12810,5.000000|5.000000|16.000000|1.000000,
15810,130,15810,130,true,2000480,2000480|2000481|1000003|12904,5.000000|5.000000|16.000000|1.000000,
15811,69,15811,69,true,2000480,2000480|2000481|1000003,5.000000|5.000000|16.000000,
15812,69,15812,,,,,,ec_facet_id_has_no_terrain_material
15813,69,15813,,,,,,ec_facet_id_has_no_terrain_material
15814,69,15814,,,,,,ec_facet_id_has_no_terrain_material
15815,69,15815,,,,,,ec_facet_id_has_no_terrain_material
15816,69,15816,,,,,,ec_facet_id_has_no_terrain_material
15817,69,15817,,,,,,ec_facet_id_has_no_terrain_material
15818,69,15818,,,,,,ec_facet_id_has_no_terrain_material
15819,69,15819,,,,,,ec_facet_id_has_no_terrain_material
15821,69,15821,,,,,,ec_facet_id_has_no_terrain_material
15822,69,15822,,,,,,ec_facet_id_has_no_terrain_material
15823,69,15823,,,,,,ec_facet_id_has_no_terrain_material
15824,69,15824,,,,,,ec_facet_id_has_no_terrain_material
15825,69,15825,,,,,,ec_facet_id_has_no_terrain_material
15826,69,15826,,,,,,ec_facet_id_has_no_terrain_material
15827,69,15827,,,,,,ec_facet_id_has_no_terrain_material
15828,69,15828,,,,,,ec_facet_id_has_no_terrain_material
15829,69,15829,,,,,,ec_facet_id_has_no_terrain_material
15830,69,15830,,,,,,ec_facet_id_has_no_terrain_material
15831,69,15831,,,,,,ec_facet_id_has_no_terrain_material
15832,69,15832,,,,,,ec_facet_id_has_no_terrain_material
15833,131,15833,131,true,2000480,2000480|2000481|1000003|12903,5.000000|5.000000|16.000000|1.000000,
15834,69,15834,,,,,,ec_facet_id_has_no_terrain_material
15835,132,15835,132,true,2000480,2000480|2000481|1000003|12901,5.000000|5.000000|16.000000|1.000000,
15836,133,15836,133,true,2000480,2000480|2000481|1000003|12900,5.000000|5.000000|16.000000|1.000000,
15837,69,15837,,,,,,ec_facet_id_has_no_terrain_material
15838,134,15838,134,true,2000480,2000480|2000481|1000003|12898,5.000000|5.000000|16.000000|1.000000,
15839,135,15839,135,true,2000480,2000480|2000481|1000003|12897,5.000000|5.000000|16.000000|1.000000,
15840,136,15840,136,true,2000480,2000480|2000481|1000003|12902,5.000000|5.000000|16.000000|1.000000,
15841,137,15841,137,true,2000480,2000480|2000481|1000003|12895,5.000000|5.000000|16.000000|1.000000,
15842,138,15842,138,true,2000480,2000480|2000481|1000003|12894,5.000000|5.000000|16.000000|1.000000,
15843,139,15843,139,true,2000480,2000480|2000481|1000003|12893,5.000000|5.000000|16.000000|1.000000,
15844,140,15844,140,true,2000480,2000480|2000481|1000003|12892,5.000000|5.000000|16.000000|1.000000,
15845,141,15845,141,true,2000480,2000480|2000481|1000003|12891,5.000000|5.000000|16.000000|1.000000,
15846,142,15846,142,true,2000480,2000480|2000481|1000003|12890,5.000000|5.000000|16.000000|1.000000,
15847,143,15847,143,true,2000480,2000480|2000481|1000003|12889,5.000000|5.000000|16.000000|1.000000,
15848,144,15848,144,true,2000480,2000480|2000481|1000003|12888,5.000000|5.000000|16.000000|1.000000,
15849,70,15849,2070,false,2000700,2000703|2000700|2000702|2000704,16.000000|4.000000|2.500000|10.000000,different_material_route
15850,70,15850,,,,,,ec_facet_id_has_no_terrain_material
15851,70,15851,,,,,,ec_facet_id_has_no_terrain_material
15852,70,15852,,,,,,ec_facet_id_has_no_terrain_material
15853,69,15853,,,,,,ec_facet_id_has_no_terrain_material
15854,69,15854,,,,,,ec_facet_id_has_no_terrain_material
15855,69,15855,,,,,,ec_facet_id_has_no_terrain_material
15856,69,15856,,,,,,ec_facet_id_has_no_terrain_material
15857,69,15857,,,,,,ec_facet_id_has_no_terrain_material
15858,,15858,,,,,,ec_facet_id_has_no_terrain_material
15859,,15859,,,,,,ec_facet_id_has_no_terrain_material
15860,,15860,,,,,,ec_facet_id_has_no_terrain_material
15861,,15861,,,,,,ec_facet_id_has_no_terrain_material
15862,,15862,,,,,,ec_facet_id_has_no_terrain_material
15863,,15863,,,,,,ec_facet_id_has_no_terrain_material
15864,,15864,,,,,,ec_facet_id_has_no_terrain_material
15865,,15865,,,,,,ec_facet_id_has_no_terrain_material
15866,,15866,,,,,,ec_facet_id_has_no_terrain_material
15867,,15867,,,,,,ec_facet_id_has_no_terrain_material
15868,,15868,,,,,,ec_facet_id_has_no_terrain_material
15869,,15869,,,,,,ec_facet_id_has_no_terrain_material
15870,,15870,2070,,2000700,2000703|2000700|2000702|2000704,16.000000|4.000000|2.500000|10.000000,
15874,,15874,,,,,,ec_facet_id_has_no_terrain_material
15877,,15877,,,,,,ec_facet_id_has_no_terrain_material
15879,,15879,,,,,,ec_facet_id_has_no_terrain_material
15880,,15880,,,,,,ec_facet_id_has_no_terrain_material
15940,,15940,,,,,,ec_facet_id_has_no_terrain_material
16308,,16308,,,,,,ec_facet_id_has_no_terrain_material
16309,,16309,,,,,,ec_facet_id_has_no_terrain_material
16310,,16310,,,,,,ec_facet_id_has_no_terrain_material
16311,,16311,,,,,,ec_facet_id_has_no_terrain_material
16312,,16312,,,,,,ec_facet_id_has_no_terrain_material
16313,,16313,,,,,,ec_facet_id_has_no_terrain_material
16314,,16314,,,,,,ec_facet_id_has_no_terrain_material
16315,,16315,,,,,,ec_facet_id_has_no_terrain_material
16316,,16316,,,,,,ec_facet_id_has_no_terrain_material
16317,,16317,,,,,,ec_facet_id_has_no_terrain_material
16318,,16318,,,,,,ec_facet_id_has_no_terrain_material
16319,,16319,,,,,,ec_facet_id_has_no_terrain_material
16321,,16321,,,,,,ec_facet_id_has_no_terrain_material
16322,,16322,,,,,,ec_facet_id_has_no_terrain_material
16323,,16323,,,,,,ec_facet_id_has_no_terrain_material
16325,,16325,,,,,,ec_facet_id_has_no_terrain_material
16326,,16326,,,,,,ec_facet_id_has_no_terrain_material
16327,,16327,,,,,,ec_facet_id_has_no_terrain_material
16328,,16328,,,,,,ec_facet_id_has_no_terrain_material
16332,50,16332,2050,false,2000500,2000500|2000501|1000003,5.000000|5.000000|16.000000,different_material_route
16333,50,16333,,,,,,ec_facet_id_has_no_terrain_material
16334,50,16334,,,,,,ec_facet_id_has_no_terrain_material
16335,50,16335,,,,,,ec_facet_id_has_no_terrain_material
16337,71,16337,,,,,,ec_facet_id_has_no_terrain_material
16368,5,16368,5,true,2000051,1000013|2000051|1000017,16.000000|4.000000|1.000000,
16376,190,16376,2190,false,5001900,5001900|5000006|1000003,5.000000|5.000000|16.000000,different_material_route
16377,190,16377,,,,,,ec_facet_id_has_no_terrain_material
16378,190,16378,,,,,,ec_facet_id_has_no_terrain_material
16379,190,16379,,,,,,ec_facet_id_has_no_terrain_material
